CID,Type,Impact,First Detected,Severity,Component,File,Function,1. ABK_Code_Type,2. ABK_Classification,ABK_Tags,3. ABK_Initial_Triaged,ABK_AutoTriage,Last Triage Comment,Checker,CWE,Comparison,Issue Kind,Last Snapshot Stream,Line Number
31344,Out-of-bounds write,High,01/13/26,Critical,Other,/code/src/game_iw9/cgame/cg_ballistic_detection.cpp,CG_BallisticDetection_AddTracer,Production,Suspicious,,2026-01-13,false,no bounds check,OVERRUN,119,Absent,Various,ATVI-CoD-trunk,89
31341,Out-of-bounds access,High,01/13/26,Critical,Other,/code/src/physics/Private/Core/G_PhysicsCharacterProxy.cpp,operator (),Production,Suspicious,,2026-01-13,true,,OVERRUN,119,Absent,Various,ATVI-CoD-trunk,2729
31321,Destination buffer too small,High,12/18/25,Critical,Other,/code/src/online/online_archive_replay_playback.cpp,ParseStringArg,Production,Suspicious,,2026-01-12,true,,BUFFER_SIZE,120,Absent,Various,ATVI-CoD-trunk,4500
31320,Out-of-bounds access,High,12/18/25,Critical,Other,/code/src/gfx/taskgraph/tasks/r_tgt_shallow_water_dynamics.h,R_TGS_ShallowWater,Production,Suspicious,,2026-01-12,true_verified,,OVERRUN,119,Absent,Various,ATVI-CoD-trunk,579
31319,Out-of-bounds access,High,12/18/25,Critical,Other,/code/src/game_iw9/bgame/bg_player_collision.cpp,BG_PlayerCollisionPoiseDamage,Production,Suspicious,,2026-01-12,true,,OVERRUN,119,Absent,Various,ATVI-CoD-trunk,358
31318,Out-of-bounds access,High,12/18/25,Critical,Other,/code/src/game_iw9/bgame/bg_weapons.cpp,PM_Weapon_ProcessHand,Production,Suspicious,,2026-01-12,true,,OVERRUN,119,Absent,Various,ATVI-CoD-trunk,29676
31316,Out-of-bounds access,High,12/18/25,Critical,Other,/code/src/game_iw9/bgame/bg_player_collision.cpp,PM_GetCharacterCollisionType,Production,Suspicious,,2026-01-12,true,,OVERRUN,119,Absent,Various,ATVI-CoD-trunk,1302
31315,Out-of-bounds access,High,12/18/25,Critical,Other,/code/src/game_iw9/cgame/cg_antilag.cpp,CgAntilag_AddGameplayRelevantMover,Production,Suspicious,,2026-01-12,true,,OVERRUN,119,Absent,Various,ATVI-CoD-trunk,579
31307,Out-of-bounds access,High,12/18/25,Critical,Other,/code/src/automation/automation_system_ddl.cpp,TryGetDDLDataRef,Production,Suspicious,,2026-01-12,true,,OVERRUN,119,Absent,Various,ATVI-CoD-trunk,Various
31305,Destination buffer too small,High,12/18/25,Critical,Other,/code/src/online/online_archive_replay_playback.cpp,Init,Production,Suspicious,,2026-01-12,true,,BUFFER_SIZE,120,Absent,Various,ATVI-CoD-trunk,4252
31297,Out-of-bounds access,High,12/18/25,Critical,Other,/code/src/game_iw9/cgame/cg_antilag.cpp,EntityStateToAntiLagEntity,Production,Suspicious,,2026-01-12,true,,OVERRUN,119,Absent,Various,ATVI-CoD-trunk,Various
31296,Out-of-bounds access,High,12/18/25,Critical,Other,/code/src/lui/LUI_CoD_Functions.cpp,Engine_GetMonthNameFromIndex,Production,Suspicious,,2026-01-12,true,,OVERRUN,119,Absent,Various,ATVI-CoD-trunk,13190
31294,Out-of-bounds access,High,12/03/25,Critical,Other,/code/src/game_iw9/game/ai/ai_scripted_interface.cpp,HandleCooldownToken,Production,Suspicious,,2026-01-12,true,,OVERRUN,119,Absent,Various,ATVI-CoD-trunk,Various
31293,Out-of-bounds access,High,12/03/25,Critical,Other,/code/src/game_iw9/game/ai/ai_scripted_interface.cpp,AddShootToken,Production,Suspicious,,2026-01-12,true,,OVERRUN,119,Absent,Various,ATVI-CoD-trunk,Various
31292,Out-of-bounds access,High,12/03/25,Critical,Other,/code/src/game_iw9/game/ai/ai_scripted_interface.cpp,NeedsShootTokenToShoot,Production,Suspicious,,2026-01-12,true,,OVERRUN,119,Absent,Various,ATVI-CoD-trunk,10219
31290,Out-of-bounds access,High,12/03/25,Critical,Other,/code/src/game_iw9/game/ai/ai_scripted_interface.cpp,AI_BehaviorTokenShouldShoot,Production,Suspicious,,2026-01-12,true,,OVERRUN,119,Absent,Various,ATVI-CoD-trunk,10418
31285,Out-of-bounds write,High,11/26/25,Critical,Other,/code/src/game_iw9/bgame_mp/bg_calloutmarkerping_mp.cpp,LoadCalloutMarkerPingMetaData,Production,Suspicious,,2026-01-12,true,,OVERRUN,119,Absent,Various,ATVI-CoD-trunk,154
31264,Overlapping buffer in memory copy,Medium,11/19/25,Critical,Other,/code/src/game_iw9/game_mp/g_scr_main_mp.cpp,GScr_MainMP_CopyPlayerDataInternal,Production,Suspicious,,2026-01-12,true,,BUFFER_SIZE,758,Absent,Various,ATVI-CoD-trunk,9793
31252,Out-of-bounds access,High,11/13/25,Critical,Other,/code/src/game_iw9/cgame/cg_snd_ents.cpp,GetSoundEntityOrientation,Production,Suspicious,,2025-11-17,true_verified,,OVERRUN,119,Absent,Various,ATVI-CoD-trunk,Various
31251,Out-of-bounds write,High,11/13/25,Critical,Other,/code/src/client_mp/cl_parse_mp.cpp,CL_ParseMP_ParseScriptableConfig,Production,Suspicious,,2025-11-17,false,,OVERRUN,119,Absent,Various,ATVI-CoD-trunk,4512
31250,Out-of-bounds access,High,11/13/25,Critical,Other,/code/src/game_iw9/cgame/cg_snd_physics.cpp,SND_PerformOcclusionTrace,Production,Suspicious,,2025-11-17,true_verified,,OVERRUN,119,Absent,Various,ATVI-CoD-trunk,Various
31249,Out-of-bounds access,High,11/13/25,Critical,Other,/code/src/game_iw9/cgame/cg_snd_ents.cpp,FixupAndCheckSourceValid,Production,Suspicious,,2025-11-17,true_verified,No bounds checking on index,OVERRUN,119,Absent,Various,ATVI-CoD-trunk,Various
31214,Out-of-bounds read,High,11/03/25,Critical,Other,/code/src/game_iw9/bgame/bg_weapons_setup.cpp,BG_GetSurfacePenetrationDepth,Production,Suspicious,"BO7,BO6,2",2025-11-17,true_verified,"No bounds checking on index, devs put in assert shows concern",OVERRUN,125,Absent,Various,ATVI-CoD-trunk,234
31212,Out-of-bounds access,High,11/03/25,Critical,Other,/code/src/game_iw9/game/g_scr_main.cpp,GScr_GetPlayerMarks,Production,Suspicious,"BO7,BO6,2",2025-11-17,false,No bounds checking on index ,OVERRUN,119,Absent,Various,ATVI-CoD-trunk,55288
31211,Out-of-bounds read,High,11/03/25,Critical,Other,/code/src/game_iw9/bgame/bg_weapons_setup.cpp,BG_GetSurfacePenetrationDepth,Production,Suspicious,"BO7,BO6,2",2025-11-17,true_verified,"No bounds checking on index, devs put in assert shows concern",OVERRUN,125,Absent,Various,ATVI-CoD-trunk,235
31207,Out-of-bounds read,High,11/03/25,Critical,Other,/code/src/game_iw9/bgame/bg_weapons_setup.cpp,BG_GetSurfacePenetrationDepth,Production,Suspicious,"BO7,BO6,2",2025-11-17,true_verified,"No bounds checking on index, devs put in assert shows concern",OVERRUN,125,Absent,Various,ATVI-CoD-trunk,231
31206,Illegal address computation,High,11/03/25,Critical,Other,/code/src/gfx/r_dxr_frontend.cpp,R_DXR_Visibility_GetVisibilityBounds,Production,Suspicious,"BO7,BO6,2",2025-11-17,true_verified,no bounds checks,OVERRUN,119,Absent,Various,ATVI-CoD-trunk,Various
31205,Out-of-bounds read,High,11/03/25,Critical,Other,/code/src/game_iw9/game/g_entity_marks.cpp,G_EntityMarks_GetMarkFlags,Production,Suspicious,"BO7,BO6,2",2025-11-17,false,No bounds checking on index,OVERRUN,125,Absent,Various,ATVI-CoD-trunk,155
31203,Out-of-bounds access,High,11/03/25,Critical,Other,/code/src/game_iw9/playerspawn/g_scr_playerspawn.cpp,GScr_PlayerSpawn_GetBestSpawnpoint,Production,Suspicious,"BO7,BO6,2",2025-11-17,true_verified,No bounds checking on index,OVERRUN,119,Absent,Various,ATVI-CoD-trunk,1371
31202,Out-of-bounds read,High,11/03/25,Critical,Other,/code/src/game_iw9/game/g_entity_marks.cpp,G_EntityMarks_GetMarkFlags,Production,Suspicious,"BO7,BO6,2",2025-11-17,true, no bounds checking,OVERRUN,125,Absent,Various,ATVI-CoD-trunk,135
31201,Out-of-bounds access,High,11/03/25,Critical,Other,/code/src/lui/LUI_CustomElement_OnEntitySpawner.cpp,Layout,Production,Suspicious,"BO7,BO6,2",2025-11-17,true, no bounds checking,OVERRUN,119,Absent,Various,ATVI-CoD-trunk,298
31200,Out-of-bounds read,High,11/03/25,Critical,Other,/code/src/game_iw9/bgame/bg_weapons_setup.cpp,BG_GetSurfacePenetrationDepth,Production,Suspicious,"BO7,BO6,2",2025-11-17,true_verified,"No bounds checking on index, devs put in assert shows concern",OVERRUN,125,Absent,Various,ATVI-CoD-trunk,230
31199,Out-of-bounds access,High,11/03/25,Critical,Other,/code/src/game_iw9/game/g_entity_marks.cpp,G_EntityMarks_GetMarkFlags,Production,Suspicious,"BO7,BO6,2",2025-11-17,true_verified,no bounds checks,OVERRUN,119,Absent,Various,ATVI-CoD-trunk,Various
31198,Out-of-bounds access,High,11/02/25,Critical,Other,/code/src/game_iw9/cgame/cg_gameobject_wrapper.cpp,CgGameObjectWrapperInterface_Entity,Production,Suspicious,xtra,2025-11-03,true,,OVERRUN,119,Absent,Various,ATVI-CoD-trunk,18
31197,Out-of-bounds access,High,11/02/25,Critical,Other,/code/src/client/cl_transients_visibility.cpp,CL_TransientsVisibility_FillVisibilityTargetBitArray,Production,Suspicious,xtra,2025-11-03,true,,OVERRUN,119,Absent,Various,ATVI-CoD-trunk,101
31196,Out-of-bounds access,High,11/02/25,Critical,Other,/code/src/stream/stream_update.cpp,Stream_UpdateStreamTree_BuildTransientVisibilityWanted,Production,Suspicious,xtra,2025-11-03,true,,OVERRUN,119,Absent,Various,ATVI-CoD-trunk,Various
31163,Out-of-bounds access,High,10/21/25,Critical,Other,/code/src/game_iw9/bgame/bg_customization_mp.cpp,BG_Customization_AddSkinCustomizationPackage_Simplified,Production,Suspicious,,2025-11-03,true,,OVERRUN,119,Absent,Various,ATVI-CoD-trunk,Various
31159,Out-of-bounds access,High,10/21/25,Critical,Other,/code/src/game_iw9/game_mp/g_scr_main_mp.cpp,GScr_MainMP_GetPlayerDataArraySize,Production,Suspicious,,2025-11-03,true,,OVERRUN,119,Absent,Various,ATVI-CoD-trunk,9940
31158,Out-of-bounds access,High,10/21/25,Critical,Other,/code/src/game_iw9/bgame/bg_customization_mp.cpp,BG_Customization_AddCustomizationPackage_Simplified,Production,Suspicious,,2025-11-03,true,,OVERRUN,119,Absent,Various,ATVI-CoD-trunk,560
31145,Incorrect sizeof expression,Medium,10/21/25,Critical,Other,/code/src/qcommon/com_gsp_partition.cpp,CreatePartition,Production,Suspicious,,2025-11-03,true,,BAD_SIZEOF,467,Absent,Various,ATVI-CoD-trunk,83
31142,Out-of-bounds access,High,10/21/25,Critical,Other,/code/src/game_iw9/game_mp/g_scr_main_mp.cpp,GScr_MainMP_InitPlayerArrayData,Production,Suspicious,,2025-11-03,true,,OVERRUN,119,Absent,Various,ATVI-CoD-trunk,9989
31125,Out-of-bounds access,High,10/21/25,Critical,Other,/code/src/physics/Private/Core/CG_PhysicsCharacterProxy.cpp,CG_PhysicsCharacterProxy_CreateAuthPhysicsCamera_Deferred,Production,Suspicious,,2025-11-03,true,,OVERRUN,119,Absent,Various,ATVI-CoD-trunk,610
31123,Out-of-bounds write,High,10/21/25,Critical,Other,/code/src/online/ephemeral_party_service.cpp,HandlePlayAgainJoinLeaveMessage,Production,Suspicious,,2025-11-03,true,,OVERRUN,119,Absent,Various,ATVI-CoD-trunk,Various
31111,Out-of-bounds access,High,10/21/25,Critical,Other,/code/src/game_iw9/game_mp/g_scr_main_mp.cpp,GScr_MainMP_CopyPlayerData,Production,Suspicious,,2025-11-03,true,,OVERRUN,119,Absent,Various,ATVI-CoD-trunk,9915
29728,Out-of-bounds read,High,09/08/25,Critical,Other,/code/src/vfx/Particles/ParticleEmitter.cpp,DrawSetup_Volumetric,Production,Suspicious,,2025-09-08,true_verified,"No bounds checking on index, devs put in assert shows concern",OVERRUN,125,Absent,Various,ATVI-CoD-trunk,8142
29720,Out-of-bounds read,High,09/03/25,Critical,Other,/code/src/game_iw9/bgame/asm/bg_player_asm_animation.cpp,BG_PlayerASM_AreAnimationsLoadedForCondition,Production,Suspicious,,2025-09-08,true_verified,"No bounds checking on index, devs put in assert shows concern",OVERRUN,125,Absent,Various,ATVI-CoD-trunk,Various
29717,Out-of-bounds access,High,09/03/25,Critical,Other,/code/src/game_iw9/bgame/asm/bg_player_asm_animation.cpp,BG_PlayerASM_AreAnimationsLoadedForCondition,Production,Suspicious,,2025-09-08,true_verified,"No bounds checking on index, devs put in assert shows concern",OVERRUN,119,Absent,Various,ATVI-CoD-trunk,Various
29716,Out-of-bounds write,High,08/25/25,Critical,Other,/code/src/database/db_patchmem.cpp,RewindForAsset,Production,Suspicious,,2025-09-08,false,"No bounds checking on index, devs put in assert shows concern
",OVERRUN,119,Absent,Various,ATVI-CoD-trunk,Various
29710,Out-of-bounds access,High,08/19/25,Critical,Other,/code/src/lui/LUI_CoD_Functions.cpp,Engine_ResetKey,Production,Suspicious,,2025-08-20,true_verified,,OVERRUN,119,Absent,Various,ATVI-CoD-trunk,7055
29696,Out-of-bounds access,High,08/13/25,Critical,Other,/code/src/game_iw9/game/ai/ai_pool.h,Free,Production,Suspicious,,2025-08-13,false,,OVERRUN,119,Absent,Various,ATVI-CoD-trunk,Various
29689,Buffer not null terminated,High,08/13/25,Critical,Other,/code/src/game_iw9/bgame/bg_equipment_snd.cpp,BG_BuildSound_AliasId,Production,Suspicious,,2025-08-13,false,,BUFFER_SIZE,170,Absent,Quality,ATVI-CoD-trunk,451
29686,Out-of-bounds read,High,08/13/25,Critical,Other,/code/src/game_iw9/playerspawn/playerspawn_frontline.cpp,PlayerSpawn_Frontline_UpdateData,Production,Suspicious,,2025-08-13,false,,OVERRUN,125,Absent,Various,ATVI-CoD-trunk,Various
29685,Out-of-bounds access,High,08/13/25,Critical,Other,/code/src/game_iw9/game_mp/g_scr_main_mp.cpp,GScr_MainMP_GetPlayerData,Production,Suspicious,,2025-08-13,false,,OVERRUN,119,Absent,Various,ATVI-CoD-trunk,9863
29684,Out-of-bounds access,High,08/13/25,Critical,Other,/code/src/game_iw9/bgame/bg_animset_util.cpp,PlayerAnimset_GatherCollections,Production,Suspicious,,2025-08-13,false,,OVERRUN,119,Absent,Various,ATVI-CoD-trunk,2639
29683,Out-of-bounds write,High,08/13/25,Critical,Other,/code/src/gfx/r_universe.cpp,R_Universe_BeginAccessFrame,Production,Suspicious,,2025-08-13,false,,OVERRUN,119,Absent,Various,ATVI-CoD-trunk,Various
29681,Buffer not null terminated,High,08/13/25,Critical,Other,/code/src/game_iw9/bgame/bg_equipment_snd.cpp,BG_BuildSound_AliasId,Production,Suspicious,,2025-08-13,false,,BUFFER_SIZE,170,Absent,Quality,ATVI-CoD-trunk,436
29675,Out-of-bounds read,High,08/13/25,Critical,Other,/code/src/game_shared/cgame/common_item/cg_common_item.cpp,CG_CommonItem_GetHUDOutline,Production,Suspicious,,2025-08-13,false,,OVERRUN,125,Absent,Various,ATVI-CoD-trunk,Various
29673,Out-of-bounds access,High,08/13/25,Critical,Other,/code/src/gfx/r_water.cpp,R_Water_Tile_SubmitBuckets,Production,Suspicious,,2025-08-13,false,,OVERRUN,119,Absent,Various,ATVI-CoD-trunk,Various
29672,Out-of-bounds write,High,08/13/25,Critical,Other,/code/src/game_iw9/playerspawn/playerspawn_frontline.cpp,PlayerSpawn_Frontline_UpdateData,Production,Suspicious,,2025-08-13,false,,OVERRUN,119,Absent,Various,ATVI-CoD-trunk,228
29669,Out-of-bounds access,High,08/13/25,Critical,Other,/code/src/game_iw9/game/ai/bots/ai_bot_navigation.cpp,Bot_GetZonePathToGoal,Production,Suspicious,,2025-08-13,false,,OVERRUN,119,Absent,Various,ATVI-CoD-trunk,1556
29668,Out-of-bounds read,High,08/13/25,Critical,Other,/code/src/game_iw9/game/ai/bots/ai_bot_api.cpp,Bot_UpdateName,Production,Suspicious,,2025-08-13,false,,OVERRUN,125,Absent,Various,ATVI-CoD-trunk,Various
29657,Out-of-bounds write,High,08/13/25,Critical,Other,/code/src/game_iw9/playerspawn/playerspawn_selection.cpp,PlayerSpawn_Selection_UpdateDistanceData,Production,Suspicious,,2025-08-13,false,,OVERRUN,119,Absent,Various,ATVI-CoD-trunk,Various
29654,Out-of-bounds access,High,08/13/25,Critical,Other,/code/src/game_iw9/game_mp/g_scr_main_mp.cpp,GScr_MainMP_SetPlayerData,Production,Suspicious,,2025-08-13,false,,OVERRUN,119,Absent,Various,ATVI-CoD-trunk,9889
29652,Out-of-bounds access,High,08/13/25,Critical,Other,/code/src/lui/LUI_Render.cpp,LUI_Render_SendCommandMarkCurrentRTTAsDirty,Production,Suspicious,,2025-08-13,false,,OVERRUN,119,Absent,Various,ATVI-CoD-trunk,1632
29651,Out-of-bounds access,High,08/13/25,Critical,Other,/code/src/game_iw9/bgame/bg_player_collision.cpp,PM_traceHandler,Production,Suspicious,,2025-08-13,false,,OVERRUN,119,Absent,Various,ATVI-CoD-trunk,Various
29643,Out-of-bounds read,High,08/13/25,Critical,Other,/code/src/game_iw9/cgame_mp/cg_corpse_snapshot_mp.cpp,CG_LwCorpseManager_ConfirmReservations,Production,Suspicious,,2025-08-13,false,,OVERRUN,125,Absent,Various,ATVI-CoD-trunk,757
29637,Out-of-bounds access,High,08/13/25,Critical,Other,/code/src/game_iw9/bgame/bg_animset_util.cpp,PlayerAnimset_WeaponHasStreamedAnimations,Production,Suspicious,,2025-08-13,false,,OVERRUN,119,Absent,Various,ATVI-CoD-trunk,2697
29634,Out-of-bounds access,High,08/13/25,Critical,Other,/code/src/game_iw9/bgame/bg_animset_util.cpp,PlayerAnimset_TouchWeapon,Production,Suspicious,,2025-08-13,false,,OVERRUN,119,Absent,Various,ATVI-CoD-trunk,2585
29633,Out-of-bounds access,High,08/13/25,Critical,Other,/code/src/client/import_settings_internal.cpp,ImportSettings_RequestGenericCloudFiles,Production,Suspicious,,2025-08-13,false,,OVERRUN,119,Absent,Various,ATVI-CoD-trunk,287
29628,Out-of-bounds read,High,06/18/25,Critical,Other,/code/src/game_iw9/game/ai/ai_civilian_reaction_manager.cpp,GetEventTypeByName,Production,Suspicious,,2025-06-18,false,No bounds checking on index,OVERRUN,125,Absent,Various,ATVI-CoD-trunk,64
29622,Out-of-bounds access,High,06/18/25,Critical,Other,/code/src/game_iw9/bgame/bg_customization_mp.cpp,BG_Customization_SetRandomCustomization,Production,Suspicious,,2025-06-18,false,no bounds checking,OVERRUN,119,Absent,Various,ATVI-CoD-trunk,1411
29621,Out-of-bounds access,High,06/18/25,Critical,Other,/code/src/game_iw9/cgame_mp/cg_servercmds_mp.cpp,CG_ServerCmdMP_ReadPlayerPersistentDataChanges_Direct_Access,Production,Suspicious,,2025-06-18,false,no bounds check on statsGroup and assert in Com_PlayerData_GetStatsBlobOffset shows dev concern,OVERRUN,119,Absent,Various,ATVI-CoD-trunk,Various
29620,Out-of-bounds read,High,06/18/25,Critical,Other,/code/src/game_iw9/game/ai/ai_civilian_reaction_manager.cpp,GetCivEventName,Production,Suspicious,,2025-06-18,false,no bounds check,OVERRUN,125,Absent,Various,ATVI-CoD-trunk,52
29619,Out-of-bounds write,High,06/10/25,Critical,Other,/code/src/gfx/r_nlg_atlas.cpp,AddLightGrid,Production,Suspicious,,2025-06-10,false,"when no bit is clear, firstBitClear returns length of string",OVERRUN,119,Absent,Various,ATVI-CoD-trunk,3315
29617,Out-of-bounds read,High,06/10/25,Critical,Other,/code/src/gfx/r_nlg_atlas.cpp,AddLightGrid,Production,Suspicious,,2025-06-10,false,"when no bit is clear, firstBitClear returns length of string",OVERRUN,125,Absent,Various,ATVI-CoD-trunk,3334
29615,Out-of-bounds write,High,06/10/25,Critical,Other,/code/src/xanim/xanim.cpp,XAnim_HitDet_GetTreeParametersInfo,Production,Suspicious,,2025-06-10,false,value is indeed 3 floats (bg_hitdet_logging.h),OVERRUN,119,Absent,Various,ATVI-CoD-trunk,20431
29613,Untrusted pointer write,Medium,06/03/25,Critical,Other,/code/src/peripherals/streamdeck/streamdeck.cpp,StreamDeck_HandleRequest,Production,Suspicious,,2025-06-03,false,"The data from the socket is unsanitized so if it is from an untrusted source, it could be a problem",TAINTED_SCALAR,129,Absent,Various,ATVI-CoD-trunk,248
29587,Out-of-bounds read,High,05/28/25,Critical,Other,/code/src/qcommon/com_gsp_partition.cpp,MoveObjectToPosition,Production,Suspicious,,2025-05-28,false,no bounds check and assert shows dev concerns,OVERRUN,125,Absent,Various,ATVI-CoD-trunk,2828
29586,Out-of-bounds read,High,05/28/25,Critical,Other,/code/src/dw/dwEnvironment.cpp,dwGetEnvironmentFlavorForTitleId,Production,Suspicious,,2025-05-28,false,No bounds check,OVERRUN,125,Absent,Various,ATVI-CoD-trunk,793
29582,Out-of-bounds access,High,05/28/25,Critical,Other,/code/src/client/cl_player_data.cpp,CL_PlayerData_UpdateDDLChecksum,Production,Suspicious,,2025-05-28,false,no bounds check and assert in Com_PlayerData_GetPrimaryStatsGroup( shows concern,OVERRUN,119,Absent,Various,ATVI-CoD-trunk,145
29580,Illegal address computation,High,05/28/25,Critical,Other,/code/src/dw/dwEnvironment.cpp,dwRegisterEnvironmentDvars,Production,Suspicious,,2025-05-28,false,"no bounds check on flavor group
",OVERRUN,119,Absent,Various,ATVI-CoD-trunk,675
29579,Out-of-bounds read,High,05/28/25,Critical,Other,/code/src/qcommon/com_gsp_partition.cpp,RemoveObject,Production,Suspicious,,2025-05-28,false,No bounds check,OVERRUN,125,Absent,Various,ATVI-CoD-trunk,2745
29578,Out-of-bounds read,High,05/28/25,Critical,Other,/code/src/dw/dwEnvironment.cpp,dwGetTitleIdsForFlavor,Production,Suspicious,,2025-05-28,false,"no bounds check on flavor group
",OVERRUN,125,Absent,Various,ATVI-CoD-trunk,735
29577,Out-of-bounds read,High,05/28/25,Critical,Other,/code/src/qcommon/com_gsp_partition.cpp,RemoveAllObjectsInCategory,Production,Suspicious,,2025-05-28,false,"'No bounds checking on handleCategory, devs put in assert on category being in bounds shows concern",OVERRUN,125,Absent,Various,ATVI-CoD-trunk,2784
29576,Out-of-bounds access,High,05/28/25,Critical,Other,/code/src/lui/LUI_CoD_PlayerData.cpp,LUI_CoD_PlayerData_TriggerCallbackOnPlayerDataWrite,Production,Suspicious,,2025-05-28,false,no bounds check on statsGroupStart and assert in Com_PlayerData_GetStatsBlobOffset shows dev concern,OVERRUN,119,Absent,Various,ATVI-CoD-trunk,Various
29553,Out-of-bounds write,High,05/21/25,Critical,Other,/code/src/gfx/r_taskgraph_compile.cpp,R_TG_ReserveResourceMemory,Production,Suspicious,,2025-05-28,false,No bounds check,OVERRUN,119,Absent,Various,ATVI-CoD-trunk,1422
29552,Out-of-bounds write,High,05/21/25,Critical,Other,/code/src/gfx/r_lightmap_atlas.cpp,AllocLightmap,Production,Suspicious,,2025-05-28,false,no bounds check and assert shows concern,OVERRUN,119,Absent,Various,ATVI-CoD-trunk,2518
29548,Out-of-bounds read,High,05/14/25,Critical,Other,/code/src/gfx/r_lightgrid_volumes_atlas.cpp,AddLGVBlock,Production,Suspicious,,2025-05-15,false,"No bounds checking, devs put in asserts in AllocLGVBlock shows concern",OVERRUN,125,Absent,Various,ATVI-CoD-trunk,Various
29545,Buffer not null terminated,High,05/14/25,Critical,Other,/code/src/online/creator/online_creator_dw.cpp,GetCreatorContext,Production,Suspicious,,2025-05-15,false,,BUFFER_SIZE,170,Absent,Quality,ATVI-CoD-trunk,145
29544,Out-of-bounds access,High,05/14/25,Critical,Other,/code/src/stream/stream_update.cpp,Stream_CombineDistanceImageToParts_Regular,Production,Suspicious,,2025-05-15,false,No bounds checking,OVERRUN,119,Absent,Various,ATVI-CoD-trunk,Various
29543,Out-of-bounds write,High,05/14/25,Critical,Other,/code/src/gfx/r_lightgrid_volumes_atlas.cpp,AllocLGVBlock,Production,Suspicious,,2025-05-15,false,"No bounds checking, devs put in asserts show concern",OVERRUN,119,Absent,Various,ATVI-CoD-trunk,2140
29540,Out-of-bounds access,High,05/14/25,Critical,Other,/code/src/gfx/r_lightgrid_volumes_atlas.cpp,AddLGVBlock,Production,Suspicious,,2025-05-15,false,no bounds checks and asserts in AllocLGVBlock show concern,OVERRUN,119,Absent,Various,ATVI-CoD-trunk,Various
29532,Out-of-bounds write,High,05/14/25,Critical,Other,/code/src/gfx/r_secondary_lighting.cpp,AddLGVBlock,Production,Suspicious,,2025-05-15,false,"No bounds checking, devs put in asserts show concern",OVERRUN,119,Absent,Various,ATVI-CoD-trunk,Various
29508,Out-of-bounds write,High,05/07/25,Critical,Other,/code/src/gfx/r_secondary_lighting.cpp,AddLightmaps,Production,Suspicious,,2025-05-13,false,No bounds check and assert shows concern,OVERRUN,119,Absent,Various,ATVI-CoD-trunk,Various
29467,Out-of-bounds access,High,04/29/25,Critical,Other,/code/src/online/online_userprofiles/online_userprofiles_ddlutils.cpp,ReadWeaponsCustomizationFromProfile,Production,Suspicious,,2025-04-30,false,GetActiveGameModeBlobType returns a value of type UserProfileType which can be up to 9 but 9 is UserProfileType::INVALID so that would exit at line 292. So max is 8 at this point and bounds are not checked.,OVERRUN,119,Absent,Various,ATVI-CoD-trunk,Various
29462,Out-of-bounds access,High,04/29/25,Critical,Other,/code/src/game_iw9/cgame_mp/cg_weapons_mp.cpp,BulletImpactEffects,Production,Suspicious,,2025-05-01,false,no bounds check,OVERRUN,119,Absent,Various,ATVI-CoD-trunk,Various
29457,Out-of-bounds access,High,04/29/25,Critical,Other,/code/src/game_iw9/game/ai/ai_civilian_manager.cpp,AIScr_SetCivAutomaticStateTransitionSettings,Production,Suspicious,getindex,2025-05-12,false,GetStateByName will return count if no matches and there are no bounds checks,OVERRUN,119,Absent,Various,ATVI-CoD-trunk,772
29455,Out-of-bounds access,High,04/29/25,Critical,Other,/code/src/gfx/r_material_pso.cpp,Material_CreateComputePipelineState,Production,Suspicious,,2025-05-12,false,no bounds check and assert shows concern.,OVERRUN,119,Absent,Various,ATVI-CoD-trunk,4029
29453,Out-of-bounds access,High,04/29/25,Critical,Other,/code/src/game_iw9/bgame/bg_execution_util.cpp,BG_Execution_GetStreamCollectionForExecutionAnimType,Production,Suspicious,,2025-05-08,false,no bounds check and assert shows concern,OVERRUN,119,Absent,Various,ATVI-CoD-trunk,2640
29427,Out-of-bounds access,High,04/29/25,Critical,Other,/code/src/client/cl_transients_visibility.cpp,CL_TransientsVisibility_FillVisibilityBitArray,Production,Suspicious,,2025-05-09,false,"The for loop will only execute when using CLIENT_SYSTEM, where MAX_LOCAL_CLIENTS and cl_maxLocalClients may be higher than 1. In this case, there is an assert in CL_TransientsVisibility_GetVisibilityHintBitArray to check the array count but could be a problem when asserts are compiled out of the release version.",OVERRUN,119,Absent,Various,ATVI-CoD-trunk,75
29420,Out-of-bounds access,High,04/29/25,Critical,Other,/code/src/game_iw9/game/ai/ai_civilian_manager.cpp,AIScr_SetCivPropagationSettings,Production,Suspicious,getindex,2025-05-12,false,GetStateByName will return count if no matches and there are no bounds checks,OVERRUN,119,Absent,Various,ATVI-CoD-trunk,706
29415,Out-of-bounds access,High,04/29/25,Critical,Other,/code/src/client/cl_transients_visibility.cpp,CL_TransientsVisibility_FillVisibilityHintBitArray,Production,Suspicious,,2025-05-09,false,"The for loop will only execute when using CLIENT_SYSTEM, where MAX_LOCAL_CLIENTS and cl_maxLocalClients may be higher than 1. In this case, there is an assert in CL_TransientsVisibility_GetVisibilityHintBitArray to check the array count but could be a problem when asserts are compiled out of the release version.",OVERRUN,119,Absent,Various,ATVI-CoD-trunk,88
29412,Out-of-bounds access,High,04/29/25,Critical,Other,/code/src/online/notifications/online_notification_service.cpp,RegisterNotificationCallback,Production,Suspicious,,2025-05-01,false,no bounds checking,OVERRUN,119,Absent,Various,ATVI-CoD-trunk,270
29407,Out-of-bounds access,High,04/29/25,Critical,Other,/code/src/online/notifications/online_notification_service.cpp,RegisterReadyCallback,Production,Suspicious,,2025-05-01,false,no bounds checking,OVERRUN,119,Absent,Various,ATVI-CoD-trunk,257
29406,Out-of-bounds access,High,04/29/25,Critical,Other,/code/src/game_iw9/cgame/cg_world_streaming.cpp,CG_WorldStreaming_TouchClientStreamManualViews,Production,Suspicious,,2025-05-08,false,No bounds check an asserts in BG_WorldStreaming_GetStreamManualViewTypeForWorldViewType show concern,OVERRUN,119,Absent,Various,ATVI-CoD-trunk,869
29397,Out-of-bounds access,High,04/29/25,Critical,Other,/code/src/qcommon/keybinds.cpp,SetLinked,Production,Suspicious,,2025-04-30,false,"KeyBindsDef_GetLink can return NONE which is 511 ""qcommon/keybind.h""",OVERRUN,119,Absent,Various,ATVI-CoD-trunk,Various
29391,Out-of-bounds access,High,04/29/25,Critical,Other,/code/common/libs/fracture/fracture/half_edge_clipper.cpp,GetHalfEdgeMesh,Production,Suspicious,,2025-05-08,false,No bounds checking and sanitymsg shows concern,OVERRUN,119,Absent,Various,ATVI-CoD-trunk,37
29390,Out-of-bounds access,High,04/29/25,Critical,Other,/code/common/libs/MathCore/MathCore/math_ops.cpp,TriDiagQL,Production,Suspicious,,2025-05-09,false,"m can be 3 when l is 2, then l + 1 will be equal to 3. When this is used to index into the array it does appear to access out of bounds memory. There is an assert on the array which implies it should be checked for production code.",OVERRUN,119,Absent,Various,ATVI-CoD-trunk,Various
29388,Out-of-bounds access,High,04/29/25,Critical,Other,/code/src/qcommon/keybinds.cpp,SetLinked,Production,Suspicious,,2025-04-30,false,"KeyBindsDef_GetLink can return NONE which is 511 ""qcommon/keybind.h""",OVERRUN,119,Absent,Various,ATVI-CoD-trunk,404
29386,Out-of-bounds access,High,04/29/25,Critical,Other,/code/src/qcommon/keybinds.cpp,GetConflicts,Production,Suspicious,,2025-04-30,false,"KeyBindsDef_GetLink can return NONE which is 511 ""qcommon/keybind.h""",OVERRUN,119,Absent,Various,ATVI-CoD-trunk,295
29376,Out-of-bounds read,High,03/19/25,Critical,Other,/code/src/game_iw9/game/g_targets.cpp,Target_Alloc,Production,Suspicious,,2025-03-20,false,"For loop will only exit when targetIndex is = MAX or (if ( !s_targGlob.targets[targetIndex].ent.isDefined() ))  If the later doesn't happen, targetIndex will be out of bounds.",OVERRUN,125,Absent,Various,ATVI-CoD-trunk,Various
29333,Out-of-bounds read,High,03/19/25,Critical,Other,/code/src/game_iw9/bgame/bg_scr_main.cpp,BGScr_SetSavedDvar,Production,Suspicious,AI,2025-03-21,false,text is set based on sting which is MAX_INFO_STRING = 1024,OVERRUN,125,Absent,Various,ATVI-CoD-trunk,7371
29318,Out-of-bounds access,High,03/19/25,Critical,Other,/code/src/game_iw9/game/g_scr_weapon.cpp,GScr_Weapon_SetWeapon,Production,Suspicious,,2025-04-08,false,No bounds checking on index that GScr_Weapon_Create returns,OVERRUN,119,Absent,Various,ATVI-CoD-trunk,3785
29316,Out-of-bounds access,High,03/19/25,Critical,Other,/code/src/game_iw9/game_mp/g_scr_main_mp.cpp,GScr_MainMP_IsEnumValueValid,Production,Suspicious,,2025-04-09,false,"No bounds checking on index
",OVERRUN,119,Absent,Various,ATVI-CoD-trunk,10140
29305,Out-of-bounds access,High,03/19/25,Critical,Other,/code/src/script/scr_readwrite.cpp,Scr_DoLoadEntity,Production,Suspicious,,2025-04-08,false,No bounds checking on index that GScr_Weapon_Load returns,OVERRUN,119,Absent,Various,ATVI-CoD-trunk,1324
29193,Out-of-bounds write,High,03/05/25,Critical,Other,/code/src/gfx/r_nlg_atlas.cpp,AllocateAtlasZone,Production,Suspicious,,2025-03-11,false,"one when no bit is clear, firstBitClear returns length of string",OVERRUN,119,Absent,Various,ATVI-CoD-trunk,1135
29190,Out-of-bounds write,High,03/05/25,Critical,Other,/code/src/gfx/rb_data_copier.cpp,AllocTempCPUFence,Production,Suspicious,,2025-03-11,false,"one when no bit is clear, firstBitClear returns length of string",OVERRUN,119,Absent,Various,ATVI-CoD-trunk,1157
29171,Out-of-bounds access,High,02/25/25,Critical,Other,/code/src/database/db_zones.cpp,DB_Zones_BeginZoneLoad,Production,Suspicious,,2025-04-09,false,"No bounds checking on index, devs put in check in db_zones: shows concern
",OVERRUN,119,Absent,Various,ATVI-CoD-trunk,2004
29160,Out-of-bounds write,High,02/25/25,Critical,Other,/code/src/database/db_zones.cpp,DB_Zones_BeginZoneLoad,Production,Suspicious,index_overrun,2025-04-15,false,"No bounds checking on index, devs put in assert shows concern
",OVERRUN,119,Absent,Various,ATVI-CoD-trunk,1959
29137,Out-of-bounds access,High,02/10/25,Critical,Other,/code/src/physics/Private/Core/PhysicsRT_Ref.cpp,PhysicsRT_GetEntityNum,Production,Suspicious,,2025-04-09,false,no bounds checking,OVERRUN,119,Absent,Various,ATVI-CoD-trunk,Various
29134,Out-of-bounds write,High,02/10/25,Critical,Other,/code/src/gfx/r_taskgraph_compile_barriers.cpp.h,R_TG_Barrier2_FlushElements,Production,Suspicious,AI,2025-03-19,false,"Index comes in from R_TG_Barrier2_FlushBarriers which gets it from R_TG_Barrier2_BuildForEnd as taskInfo.taskIndex.  No where in there were bounds checks.  Unable to search entire codebase for all places taskInfo.taskIndex, but if there is something preventing it from going over 999, this could be not exploitable.",OVERRUN,119,Absent,Various,ATVI-CoD-trunk,898
29043,Out-of-bounds read,High,01/29/25,Critical,Other,/code/src/mapVoxelizedState/MapVoxelizedState_RingBufferReceive.cpp,MapVoxelizedState_RingBufferReceive_ReadStaleSnapshot,Production,Suspicious,,2025-04-09,false,No bounds checking on index ,OVERRUN,125,Absent,Various,ATVI-CoD-trunk,Various
29030,Out-of-bounds read,High,01/24/25,Critical,Other,/code/src/game_shared/game/common_item/g_common_item.cpp,G_CommonItem_DisableOverlappingCoverNodesForInstance,Production,Suspicious,,2025-04-09,false,"No bounds checking on index, devs put in assert shows concern
",OVERRUN,125,Absent,Various,ATVI-CoD-trunk,366
29025,Out-of-bounds read,High,01/24/25,Critical,Other,/code/src/dynentity/DynEntity_spatial.cpp,DynEntCL_Spatial_FindPartitionForDynEnt,Production,Suspicious,,2025-04-09,false,No bounds checking on index ,OVERRUN,125,Absent,Various,ATVI-CoD-trunk,Various
27771,Out-of-bounds read,High,11/22/24,Critical,Other,/code/src/game_iw9/bgame/asm/bg_player_asm_util.cpp,BG_PlayerASM_IsTransitionQuadrant,Production,Suspicious,,2025-04-09,false,"No bounds checking on index, ",OVERRUN,125,Absent,Various,ATVI-CoD-trunk,3235
27732,Out-of-bounds access,High,11/22/24,Critical,Other,/code/src/dlog/dlog_bindings.cpp,DLog_LuaValue,Production,Suspicious,,2025-04-09,false,"No bounds checking on index.  The max this line can get to is 15.  int tt = ( int )( ( U64x( 86b07a, 90542110 ) >> 4 * t ) & 15u );
",OVERRUN,119,Absent,Various,ATVI-CoD-trunk,92
27550,Out-of-bounds read,High,10/30/24,Critical,Other,/code/src/game_iw9/bgame/asm/bg_player_asm_util.cpp,BG_PlayerASM_IsTransitionInputClockwise,Production,Suspicious,,2024-10-30,false,index < PLAYERASM_CMD_BUFFER_SIZE should be first in the while to prevent overrun.,OVERRUN,125,Absent,Various,ATVI-CoD-trunk,3344
27541,Out-of-bounds access,High,10/30/24,Critical,Other,/code/src/game_shared/bgame/vehicles/bg_vehicle_physics_manager.inl,RecreateElementWithSubType,Production,Suspicious,,2024-10-30,false,assert( BGVehicles::PhysicsIsValid( elmId.GetVehicleId() ) ); tells me there is concern that this will get out of range and there is no check to ensure it does not.,OVERRUN,119,Absent,Various,ATVI-CoD-trunk,Various
27485,Out-of-bounds write,High,10/21/24,Critical,Other,/code/src/game_iw9/game/ai/ai_interaction_manager.cpp,DynamicInteractionPartitioning_AddInteractionToGrid,Production,Suspicious,,2024-11-05,,"if no bits are clear, firstBitClear will return MAX_DYNAMIC_RUNTIME_INTERACTION_COUNT = 1024 so using that as an index will be off by 1.",OVERRUN,119,Absent,Various,ATVI-CoD-trunk,246
27427,Out-of-bounds access,High,10/14/24,Critical,Other,/code/src/game_iw9/bgame/lwagent/pathtimeline/bg_pathtimeline.cpp,FindPosOnPath,Production,Suspicious,,,,"foundSegmentIndex would not be changed of numOfSegments is zero or ""length"" is larger than the length of all segments.  I suspect its impossible  for that to happen, but tracing the code I was unable to reasonably tell.",OVERRUN,119,Absent,Various,ATVI-CoD-trunk,192
27425,Out-of-bounds read,High,10/14/24,Critical,Other,/code/src/game_shared/bgame/bg_ai.cpp,GetAnimMappingEntry,Production,Suspicious,,,,cod\trunk\code\src\game_iw9\bgame\bg_lwagent_wander.cpp calls GetAnimMappingEntry with szAliasName which is uninitialized.  This will likely cause GetAnimMappingType to return 11 which will cause an overrun on line 212.  The other calls to GetAnimMappingEntry send hardcoded values that will not cause a problem.,OVERRUN,125,Absent,Various,ATVI-CoD-trunk,218
27415,Out-of-bounds read,High,10/02/24,Critical,Other,/code/src/game_iw9/cgame/cg_client_character.cpp,operator (),Production,Suspicious,OVERRUN,2024-10-30,false,There is nothing ensuring animType is in bounds.,OVERRUN,125,Absent,Various,ATVI-CoD-trunk,2458
27396,Out-of-bounds access,High,09/27/24,Critical,Other,/code/src/gfx/r_amd_ffx_security.h,Trust_VerifyEmbeddedSignature,Production,Suspicious,OVERRUN,2024-11-07,,,OVERRUN,119,Absent,Various,ATVI-CoD-trunk,98
27392,Out-of-bounds read,High,09/27/24,Critical,Other,/code/src/game_shared/bgame/common_item/bg_common_item.cpp,BG_CommonItem_CheckIfItemDefHasTag,Production,Suspicious,OVERRUN,2024-11-07,,"Checking for index <= COMMON_ITEM_RARITY_STANDARD_MAX allows the index to be 15, but itemsData.itemListData.itemRarityNames is initialized with COMMON_ITEM_RARITY_STANDARD_MAX which means that it should be 0-14, not 0-15.",OVERRUN,125,Absent,Various,ATVI-CoD-trunk,796
27377,Out-of-bounds access,High,09/27/24,Critical,Other,/code/src/weather/weather_griddynamic.cpp,Weather_GridDynamic_IsPrecipitating,Production,Suspicious,OVERRUN,2025-04-08,,"No bounds checking on index, devs put in assert shows concern
2025-04-08",OVERRUN,119,Absent,Various,ATVI-CoD-trunk,428
27376,Out-of-bounds access,High,09/27/24,Critical,Other,/code/src/weather/weather_griddynamic.cpp,Weather_GridDynamic_UpdateTiles,Production,Suspicious,index_overrun,2025-04-15,,no bounds check,OVERRUN,119,Absent,Various,ATVI-CoD-trunk,369
27360,Out-of-bounds read,High,09/16/24,Critical,Other,/code/src/db_zlib/db_inftrees.cpp,db_huft_build,Production,Suspicious,OVERRUN,2025-04-09,,"No bounds checking on index
",OVERRUN,125,Absent,Various,ATVI-CoD-trunk,Various
27300,Out-of-bounds read,High,09/16/24,Critical,Other,/code/src/db_zlib/db_inftrees.cpp,db_huft_build,Production,Suspicious,OVERRUN,2025-04-09,,"No bounds checking on index
",OVERRUN,125,Absent,Various,ATVI-CoD-trunk,195
27244,Out-of-bounds read,High,09/11/24,Critical,Other,/code/src/game_iw9/cgame/cg_pose.cpp,CG_Pose_DoBaseOriginController,Production,Suspicious,OVERRUN,2024-12-15,,"DObjGetRootBoneCount may return zero, so this is possible.",OVERRUN,125,Absent,Various,ATVI-CoD-trunk,Various
27190,Out-of-bounds write,High,09/10/24,Critical,Other,/code/common/libs/fracture/fracture/half_edge_clipper.cpp,GetHalfEdgeMesh,Production,Suspicious,OVERRUN,2025-04-11,,No bounds checking and sanitymsg shows concern,OVERRUN,119,Absent,Various,ATVI-CoD-trunk,36
27182,Out-of-bounds write,High,09/10/24,Critical,Other,/code/src/weather/weather_griddynamic_streamer_tile.inl,Weather_GridDynamic_Tile_Downscale,Production,Suspicious,OVERRUN,2025-04-09,,No bounds checking on index ,OVERRUN,119,Absent,Various,ATVI-CoD-trunk,Various
27174,Out-of-bounds read,High,09/10/24,Critical,Other,/code/src/weather/weather_griddynamic_streamer_tile.inl,Weather_GridDynamic_Tile_Downscale,Production,Suspicious,OVERRUN,2025-04-09,,No bounds checking on index,OVERRUN,125,Absent,Various,ATVI-CoD-trunk,Various
27097,Out-of-bounds read,High,08/23/24,Critical,Other,/code/src/game_iw9/cgame/cg_hang.cpp,CG_Hang_PopulateIKTimings,Production,Suspicious,OVERRUN,,,,OVERRUN,125,Absent,Various,ATVI-CoD-trunk,Various
27094,Out-of-bounds read,High,08/23/24,Critical,Other,/code/src/database/db_binarypatch_load.cpp,DB_BinaryPatch_BeginManifestLoad,Production,Suspicious,OVERRUN,,,,OVERRUN,125,Absent,Various,ATVI-CoD-trunk,501
27093,Out-of-bounds read,High,08/23/24,Critical,Other,/code/src/database/db_binarypatch_load.cpp,DB_BinaryPatch_BeginManifestLoad,Production,Suspicious,OVERRUN,,,,OVERRUN,125,Absent,Various,ATVI-CoD-trunk,505
27064,Out-of-bounds access,High,08/01/24,Critical,Other,/code/src/game_iw9/game/g_objectives.cpp,G_Objectives_Update,Production,Suspicious,OVERRUN,2025-04-14,,"No bounds checking on index 
",OVERRUN,119,Absent,Various,ATVI-CoD-trunk,4534
27060,Out-of-bounds access,High,08/01/24,Critical,Other,/code/src/game_iw9/game_sp/g_pip_sp.cpp,G_PIP_Read,Production,Suspicious,OVERRUN,2025-03-21,,Overrunning buffer pointed to by &g_badplaces[i] of 704 bytes by passing it to a function which accesses it at byte offset 17431,OVERRUN,119,Absent,Various,ATVI-CoD-trunk,1145
27059,Out-of-bounds write,High,08/01/24,Critical,Other,/code/src/database/db_zones.cpp,DB_Zones_SetZoneFlag,Production,Suspicious,OVERRUN,2025-04-08,,"No bounds checking on index, devs put in assert shows concern
2025-04-08",OVERRUN,119,Absent,Various,ATVI-CoD-trunk,1710
27056,Out-of-bounds read,High,08/01/24,Critical,Other,/code/src/universal/atvi_stb_image.cpp,stbi__parse_huffman_block,Production,Suspicious,OVERRUN,2024-10-30,false,There are no checks to ensure the index is below 32.,OVERRUN,125,Absent,Various,ATVI-CoD-trunk,Various
27055,Out-of-bounds read,High,08/01/24,Critical,Other,/code/src/universal/atvi_stb_image.cpp,stbi__parse_huffman_block,Production,Suspicious,OVERRUN,2024-10-30,false,There are no checks to ensure the index is below 32.,OVERRUN,125,Absent,Various,ATVI-CoD-trunk,5538
27054,Out-of-bounds read,High,08/01/24,Critical,Other,/code/src/PatchCollision/PatchCollision_AreaSwap.cpp,PatchCollision_AreaSwap_GetShapeForLoad,Production,Suspicious,OVERRUN,,,"No bounds checking on shapeIdx in get idx nor here, devs put in assert shows concern",OVERRUN,125,Absent,Various,ATVI-CoD-trunk,440
27046,Out-of-bounds write,High,08/01/24,Critical,Other,/code/src/qcommon/com_player_data_objectstore.cpp,Com_PlayerData_CacheStatsGroupData,Production,Suspicious,OVERRUN,,,,OVERRUN,119,Absent,Various,ATVI-CoD-trunk,188
27044,Out-of-bounds write,High,08/01/24,Critical,Other,/code/src/netconststrings/NetConstStrings_dvar.cpp,NetConstStrings_RegisterScriptDvars,Production,Suspicious,OVERRUN,2024-12-03,,"if it comes into the switch with s_codInfoDvarCount =113, and domainStr[0] = 'c', this will be a problem.",OVERRUN,119,Absent,Various,ATVI-CoD-trunk,196
27043,Out-of-bounds write,High,08/01/24,Critical,Other,/code/src/database/db_zones.cpp,DB_Zones_Init,Production,Suspicious,OVERRUN,2025-04-09,,"No bounds checking on index, devs put in shows concern",OVERRUN,119,Absent,Various,ATVI-CoD-trunk,345
27036,Out-of-bounds access,High,08/01/24,Critical,Other,/code/src/game_iw9/game_sp/g_moving_platforms_sp.cpp,SaveSP_Read,Production,Suspicious,OVERRUN,2025-03-21,,Overrunning struct type GMovingPlatformClient of 184 bytes by passing it to a function which accesses it at byte offset 17431,OVERRUN,119,Absent,Various,ATVI-CoD-trunk,80
27034,Out-of-bounds read,High,08/01/24,Critical,Other,/code/src/database/db_zones.cpp,DB_Zones_UpdateZoneFlagLoadOrder,Production,Suspicious,OVERRUN,2025-04-09,,"No bounds checking on index, devs put in shows concern",OVERRUN,125,Absent,Various,ATVI-CoD-trunk,383
27031,Out-of-bounds read,High,08/01/24,Critical,Other,/code/src/universal/atvi_stb_image.cpp,stbi__parse_huffman_block,Production,Suspicious,OVERRUN,2024-10-30,false,There are no checks to ensure the index is below 32.,OVERRUN,125,Absent,Various,ATVI-CoD-trunk,Various
27029,Out-of-bounds write,High,08/01/24,Critical,Other,/code/src/database/db_zones.cpp,DB_Zones_ResetZoneFlag,Production,Suspicious,OVERRUN,2025-04-08,,"No bounds checking on index, devs put in assert shows concern
2025-04-08",OVERRUN,119,Absent,Various,ATVI-CoD-trunk,1723
27025,Out-of-bounds read,High,08/01/24,Critical,Other,/code/src/universal/atvi_stb_image.cpp,stbi__parse_huffman_block,Production,Suspicious,OVERRUN,2024-10-30,false,There are no checks to ensure the index is below 32.,OVERRUN,125,Absent,Various,ATVI-CoD-trunk,5548
27016,Buffer not null terminated,High,07/31/24,Critical,Other,/code/src/online/online_archive_replay_playback.cpp,Online_ArchiveReplayPlayback_Setup,Production,Suspicious,other,,,,BUFFER_SIZE,170,Absent,Quality,ATVI-CoD-trunk,1412
26847,Out-of-bounds access,High,07/31/24,Critical,Other,/code/src/gfx/r_enumerate.cpp,R_UpdateCurrentAndDefaultAdapter,Production,Suspicious,OVERRUN,2025-04-08,,"No bounds checking on index, devs put in com_printf shows concern
2025-04-08",OVERRUN,119,Absent,Various,ATVI-CoD-trunk,1740
26822,Illegal address computation,High,07/31/24,Critical,Other,/code/src/lui/LUI_CoD_Functions.cpp,Engine_GetDownloadHistoryText,Production,Suspicious,OVERRUN,,,,OVERRUN,119,Absent,Various,ATVI-CoD-trunk,5723
26803,Out-of-bounds read,High,07/31/24,Critical,Other,/code/src/qcommon/com_storage.cpp,LiveStorage_IsStatsGroupObfuscated,Production,Suspicious,OVERRUN,,,,OVERRUN,125,Absent,Various,ATVI-CoD-trunk,1640
26790,Out-of-bounds access,High,07/31/24,Critical,Other,/code/src/qcommon/com_storage.cpp,LiveStorage_GetPlayerDataBufferSize,Production,Suspicious,OVERRUN,,,,OVERRUN,119,Absent,Various,ATVI-CoD-trunk,1692
26768,Out-of-bounds access,High,07/31/24,Critical,Other,/code/src/qcommon/com_player_data.cpp,Com_PlayerData_GetStatsGroupSize,Production,Suspicious,OVERRUN,,,,OVERRUN,119,Absent,Various,ATVI-CoD-trunk,316
26759,Out-of-bounds write,High,07/31/24,Critical,Other,/code/src/game_shared/cgame/ClientModel/CG_ClientModel.cpp,CG_ClientModel_DeferredCollisions_ExecuteVelocitiesSubRequestRun,Production,Suspicious,OVERRUN,,,,OVERRUN,119,Absent,Various,ATVI-CoD-trunk,5127
26671,Out-of-bounds access,High,07/31/24,Critical,Other,/code/src/online/online_userprofiles/online_userprofiles_manager.cpp,GetUserProfileForUI,Production,Suspicious,,2025-05-01,false,GetActiveGameModeBlobType returns a value of type UserProfileType which can be up to 9 but 9 is UserProfileType::INVALID so that would exit at line 292. So max is 8 at this point and bounds are not checked.,OVERRUN,119,Absent,Various,ATVI-CoD-trunk,377
26580,Out-of-bounds access,High,07/31/24,Critical,Other,/code/src/qcommon/net_packet.cpp,GetChannel,Production,Suspicious,OVERRUN,,,,OVERRUN,119,Absent,Various,ATVI-CoD-trunk,214
26523,Out-of-bounds access,High,07/31/24,Critical,Other,/code/src/qcommon/com_player_data.cpp,Com_PlayerData_GetStatsGroupOffset,Production,Suspicious,OVERRUN,2024-12-05,,No bounds check and assert shows developer concern.,OVERRUN,119,Absent,Various,ATVI-CoD-trunk,310
26475,Out-of-bounds read,High,07/31/24,Critical,Other,/code/src/game_shared/bgame/vehicles/bg_vehicle_leanout.cpp,BG_VehicleLeanOut_StartLerpViewAngles,Production,Suspicious,OVERRUN,,,,OVERRUN,125,Absent,Various,ATVI-CoD-trunk,1518
26379,Out-of-bounds write,High,07/31/24,Critical,Other,/code/src/dynentity/DynEntity_client.cpp,DynEntCL_DeferredCollisions_ExecuteVelocitiesSubRequestRun,Production,Suspicious,OVERRUN,,,,OVERRUN,119,Absent,Various,ATVI-CoD-trunk,2366
26324,Out-of-bounds read,High,07/31/24,Critical,Other,/code/src/lui/LUI_CoD_Functions.cpp,Engine_GetDownloadHistoryText,Production,Suspicious,OVERRUN,,,,OVERRUN,125,Absent,Various,ATVI-CoD-trunk,5757
26318,Out-of-bounds access,High,07/31/24,Critical,Other,/code/src/online/online_userprofiles/online_userprofiles_ddlutils.cpp,ReadCustomizationModelsForProfile,Production,Suspicious,,2025-04-30,false,GetActiveGameModeBlobType returns a value of type UserProfileType which can be up to 9 but 9 is UserProfileType::INVALID so that would exit at line 212. So max is 8 at this point and bounds are not checked.,OVERRUN,119,Absent,Various,ATVI-CoD-trunk,Various
26311,Out-of-bounds access,High,07/31/24,Critical,Other,/code/src/client/cl_player_data.cpp,CL_PlayerData_SetStatsBlobDirty,Production,Suspicious,OVERRUN,,,,OVERRUN,119,Absent,Various,ATVI-CoD-trunk,Various
26284,Illegal address computation,High,07/31/24,Critical,Other,/code/src/qcommon/net_dtls.cpp,RecvFrom,Production,Suspicious,OVERRUN,,,,OVERRUN,119,Absent,Various,ATVI-CoD-trunk,227
26280,Out-of-bounds write,High,07/31/24,Critical,Other,/code/src/gfx/r_font.cpp,R_RegisterFont,Production,Suspicious,OVERRUN,,,,OVERRUN,119,Absent,Various,ATVI-CoD-trunk,2965
26273,Out-of-bounds access,High,07/31/24,Critical,Other,/code/src/qcommon/com_storage.cpp,LiveStorage_GetStatsGroupBuffer,Production,Suspicious,OVERRUN,,,,OVERRUN,119,Absent,Various,ATVI-CoD-trunk,1620
26235,Out-of-bounds access,High,07/31/24,Critical,Other,/code/src/qcommon/com_player_data.cpp,Com_PlayerData_GetStatsGroupDataSize,Production,Suspicious,OVERRUN,,,,OVERRUN,119,Absent,Various,ATVI-CoD-trunk,322
26124,Out-of-bounds access,High,07/31/24,Critical,Other,/code/src/game_iw9/cgame_sp/cg_servercmds_sp.cpp,CG_ServerCmdSP_LocalSoundPlay,Production,Suspicious,OVERRUN,,,,OVERRUN,119,Absent,Various,ATVI-CoD-trunk,897
26045,Copy into fixed size buffer,Low,07/31/24,Critical,Other,/code/src/online/online_instance_inventory_common.cpp,Online_InstanceInventory_ReadGameModeSettings,Production,Suspicious,other,,,,STRING_OVERFLOW,120,Absent,Various,ATVI-CoD-trunk,79
26034,Out-of-bounds access,High,07/31/24,Critical,Other,/code/src/game_shared/bgame/vehicles/bg_vehicle_physics_manager.inl,GetElementById,Production,Suspicious,"OVERRUN,graphicsCode",2025-03-27,,The id would have to be >128.  There is nothing preventing that and devs added a assert( elmId.IsValid() ); so that shows there is some concern.,OVERRUN,119,Absent,Various,ATVI-CoD-trunk,139
25987,Out-of-bounds access,High,03/29/24,Critical,Other,/code/src/WaterDynamics/WaterDynamics_PhysicsBehavior.cpp,WaterDynamic_PhysicsBehaviour_IsInDelay,Production,Suspicious,"OVERRUN,physicsCode",2025-04-08,,"No bounds checking on index, devs put in assert shows concern
2025-04-08",OVERRUN,119,Absent,Various,ATVI-CoD-trunk,989
25764,Out-of-bounds access,High,03/29/24,Critical,Other,/code/src/game_iw9/cgame/cg_utils.cpp,CG_Utils_ProcessNotetracksWorldRemap,Production,Suspicious,OVERRUN,2025-04-09,,"No bounds checking on index, devs put in assert in GetEntity( shows concern
",OVERRUN,119,Absent,Various,ATVI-CoD-trunk,1168
25720,Out-of-bounds write,High,03/29/24,Critical,Other,/code/src/online/online_archive_replay_playback.cpp,Read,Production,Suspicious,OVERRUN,2025-04-09,,MSG_ReadByte can return -1 and there is no bounds checking.,OVERRUN,119,Absent,Various,ATVI-CoD-trunk,652
25520,Untrusted value as argument,Medium,03/29/24,Critical,Other,/code/src/server_mp/sv_snapshot_workers_mp.cpp,SV_SnapWorkersMP_BuildServerScriptablesCmd,Production,Suspicious,downcasting,,,,TAINTED_SCALAR,20,Absent,Various,ATVI-CoD-trunk,Various
25502,Out-of-bounds access,High,03/29/24,Critical,Other,/code/src/dynentity/DynEntity_spatial.cpp,DynEntCL_Spatial_MarkIfMissingCollisionTiles,Production,Suspicious,OVERRUN,2025-04-08,,"No bounds checking on index, devs put in assert shows concern
2025-04-08",OVERRUN,119,Absent,Various,ATVI-CoD-trunk,633
25352,Out-of-bounds write,High,03/29/24,Critical,Other,/code/src/game_shared/bgame/common_item/bg_common_item.cpp,BG_CommonItem_GenerateFullWeaponStrings,Production,Suspicious,OVERRUN,2025-04-09,,"No bounds checking on index, devs put in check above shows concern
",OVERRUN,119,Absent,Various,ATVI-CoD-trunk,Various
25232,Out-of-bounds write,High,03/29/24,Critical,Other,/code/libs/ddl/src/ddl/ddl_parse.cpp,DDL_ParseExt,Production,Suspicious,OVERRUN,2025-04-14,,No bounds checking on index,OVERRUN,119,Absent,Various,ATVI-CoD-trunk,386
25193,Out-of-bounds read,High,03/29/24,Critical,Other,/code/libs/ddl/src/ddl/ddl_parse.cpp,DDL_BeginParseSession,Production,Suspicious,OVERRUN,2025-04-15,,"No bounds checking on index 
",OVERRUN,125,Absent,Various,ATVI-CoD-trunk,199
25110,Buffer not null terminated,High,03/29/24,Critical,Other,/code/src/game_iw9/cgame/cg_client_character.cpp,CG_ClientCharacter_CreateNoteModel,Production,Suspicious,other,,false,,BUFFER_SIZE,170,Absent,Quality,ATVI-CoD-trunk,Various
25077,Out-of-bounds access,High,03/29/24,Critical,Other,/code/src/client_mp/cl_parse_mp.cpp,CL_ParseMP_ParsePacketEntities,Production,Suspicious,OVERRUN,2025-04-14,,"No bounds checking on index 
",OVERRUN,119,Absent,Various,ATVI-CoD-trunk,888
24998,Copy into fixed size buffer,Low,03/29/24,Critical,Other,/code/src/online/online_friends_crossplay.cpp,CheckMessageProfanityComplete,Production,Suspicious,other,,,,STRING_OVERFLOW,120,Absent,Various,ATVI-CoD-trunk,1846
24714,Out-of-bounds access,High,03/29/24,Critical,Other,/code/src/online/player_socialdata/player_socialdata_system.inl,GetComponent,Production,Suspicious,OVERRUN,2025-03-22,,HandleValueToComponentIndex could set index to up to 1023 and there is no bounds checking.,OVERRUN,119,Absent,Various,ATVI-CoD-trunk,Various
24664,Copy into fixed size buffer,Low,03/29/24,Critical,Other,/code/src/online/online_archive_replay_playback.cpp,Init,Production,Suspicious,other,,,,STRING_OVERFLOW,120,Absent,Various,ATVI-CoD-trunk,4252
24600,Out-of-bounds access,High,03/29/24,Critical,Other,/code/src/game_iw9/cgame/cg_weapons.cpp,CG_Weapon_AddViewmodelHand,Production,Suspicious,OVERRUN,2025-04-14,,"No bounds checking on index, devs put in assert shows concern
",OVERRUN,119,Absent,Various,ATVI-CoD-trunk,Various
24579,Illegal address computation,High,03/29/24,Critical,Other,/code/src/stream/stream_defrag.cpp,ResolveNewAddr,Production,Suspicious,OVERRUN,2025-04-15,,"No bounds checking on index, devs put in assert shows concern
",OVERRUN,119,Absent,Various,ATVI-CoD-trunk,4759
24548,Out-of-bounds access,High,03/29/24,Critical,Other,/code/src/xanim/xanim.cpp,XAnimFrameStreaming_AddAnim,Production,Suspicious,"OVERRUN,graphicsCode",2025-04-14,,"No bounds checking on index, devs put in assert shows concern
",OVERRUN,119,Absent,Various,ATVI-CoD-trunk,Various
24422,Out-of-bounds access,High,03/29/24,Critical,Other,/code/src/game_iw9/game_sp/g_save_sp.cpp,G_SaveSP_ReadBadPlaces,Production,Suspicious,OVERRUN,2025-03-21,,Overrunning buffer pointed to by &g_badplaces[i] of 704 bytes by passing it to a function which accesses it at byte offset 17431,OVERRUN,119,Absent,Various,ATVI-CoD-trunk,1718
24293,Out-of-bounds read,High,03/29/24,Critical,Other,/code/src/xanim/dobj.cpp,DObjGetBasePoseMatrix,Production,Suspicious,"OVERRUN,graphicsCode",2024-12-15,, DObjGetSkelBoneIndex has assert to check bounds but these are compiled out for production.,OVERRUN,125,Absent,Various,ATVI-CoD-trunk,7288
24077,Out-of-bounds access,High,03/29/24,Critical,Other,/code/src/physics/Private/Core/PhysicsRT_Vehicle.cpp,PhysicsRT_Vehicle_BuoyancyCast,Production,Suspicious,"OVERRUN,physicsCode",2025-04-08,,"No bounds checking on index, devs put in assert in  WaterDynamics_Simulation_GetWaveScalar shows concern
",OVERRUN,119,Absent,Various,ATVI-CoD-trunk,Various
24015,Out-of-bounds write,High,03/29/24,Critical,Other,/code/src/PatchCollision/PatchCollision_AreaSwap.cpp,PatchCollision_AreaSwap_Update,Production,Suspicious,OVERRUN,2025-04-07,,"No bounds checking on shapeIdx in get idx nor here, devs put in assert shows concern",OVERRUN,119,Absent,Various,ATVI-CoD-trunk,163
23977,Out-of-bounds access,High,03/29/24,Critical,Other,/code/src/universal/edge_octree.h,ProcessScriptableCandidateHit,Production,Suspicious,OVERRUN,2025-04-09,,no bounds checking,OVERRUN,119,Absent,Various,ATVI-CoD-trunk,Various
23844,Destination buffer too small,High,03/29/24,Critical,Other,/code/src/universal/info_parse_util.cpp,Info_CopyValues,Production,Suspicious,other,,,,STRING_OVERFLOW,120,Absent,Various,ATVI-CoD-trunk,550
23609,Untrusted value as argument,Medium,03/29/24,Critical,Other,/code/src/server_mp/sv_snapshot_mp.cpp,SV_SnapshotMP_EmitClientMessageScriptables,Production,Suspicious,downcasting,,,,TAINTED_SCALAR,20,Absent,Various,ATVI-CoD-trunk,Various
23599,Out-of-bounds access,High,03/29/24,Critical,Other,/code/src/game_iw9/game_sp/g_save_sp.cpp,G_SaveSP_ReadPathNodes,Production,Suspicious,OVERRUN,2025-03-21,,Overrunning buffer pointed to by &g_badplaces[i] of 704 bytes by passing it to a function which accesses it at byte offset 17431,OVERRUN,119,Absent,Various,ATVI-CoD-trunk,1655
23530,Out-of-bounds access,High,03/29/24,Critical,Other,/code/src/WaterDynamics/WaterDynamics_Physics.cpp,WaterDynamics_Physics_UnlockContextForWorld,Production,Suspicious,"OVERRUN,physicsCode",2025-04-08,,,OVERRUN,119,Absent,Various,ATVI-CoD-trunk,218
23524,Out-of-bounds access,High,03/29/24,Critical,Other,/code/src/game_iw9/game_sp/g_save_sp.cpp,ReadThreatBiasGroups,Production,Suspicious,OVERRUN,2025-03-21,,Overrunning buffer pointed to by &g_badplaces[i] of 704 bytes by passing it to a function which accesses it at byte offset 17431,OVERRUN,119,Absent,Various,ATVI-CoD-trunk,1736
23091,Out-of-bounds read,High,03/29/24,Critical,Other,/code/src/game_iw9/bgame/asm/bg_player_asm_util.cpp,BG_PlayerASM_IsTransitionReverse,Production,Suspicious,OVERRUN,2025-04-09,,"No bounds checking on index,  ",OVERRUN,125,Absent,Various,ATVI-CoD-trunk,3292
23029,Out-of-bounds access,High,03/29/24,Critical,Other,/code/src/game_shared/bgame/bg_emote.cpp,BG_Emote_GetStreamCollection,Production,Suspicious,OVERRUN,2025-04-07,,"No bounds checking on index, devs put in assert shows concern",OVERRUN,119,Absent,Various,ATVI-CoD-trunk,958
22919,Out-of-bounds access,High,03/29/24,Critical,Other,/code/src/online/player_socialdata/player_socialdata_system.inl,SetComponentCacheStatus,Production,Suspicious,OVERRUN,2025-03-28,,HandleValueToComponentIndex could set index to up to 511 and there is no bounds checking..,OVERRUN,119,Absent,Various,ATVI-CoD-trunk,Various
22888,Out-of-bounds access,High,03/29/24,Critical,Other,/code/src/game_shared/bgame/vehicles/bg_vehicle_physics.cpp,PhysicsDestroyEffector,Production,Suspicious,"OVERRUN,physicsCode",2024-12-12,,"There is not always code ensuring effId is valid before calls to this function. For example, cod\trunk\code\src\game_shared\bgame\vehicles\core\bg_vehicle_core_morph.cpp, line 109, and cod\trunk\code\src\game_shared\bgame\vehicles\core\bg_vehicle_core.cpp line 697",OVERRUN,119,Absent,Various,ATVI-CoD-trunk,4553
22871,Out-of-bounds access,High,03/29/24,Critical,Other,/code/src/WaterDynamics/WaterDynamics_Physics.cpp,WaterDynamics_Physics_LockContextForWorld,Production,Suspicious,"OVERRUN,physicsCode",2025-04-08,,"No bounds checking on index, devs put in assert shows concern
2025-04-08",OVERRUN,119,Absent,Various,ATVI-CoD-trunk,207
22860,Out-of-bounds access,High,03/29/24,Critical,Other,/code/src/game_shared/bgame/vehicles/bg_vehicle_physics.cpp,PhysicsDestroyComponent,Production,Suspicious,"OVERRUN,physicsCode",2024-12-12,,There is not always code ensuring  componentId is valid before calls to this function.,OVERRUN,119,Absent,Various,ATVI-CoD-trunk,4535
22792,Out-of-bounds read,High,03/29/24,Critical,Other,/code/src/snd/sd_mix_voice.cpp,SD_VoicePitchStereoEnv,Production,Suspicious,OVERRUN,2025-04-15,,SD_MIX_DECODE_SAMPLE_COUNT is 32 and buffer[SD_MIX_DECODE_SAMPLE_COUNT],OVERRUN,125,Absent,Various,ATVI-CoD-trunk,Various
22768,Out-of-bounds write,High,03/29/24,Critical,Other,/code/src/PatchCollision/PatchCollision_AreaSwap.cpp,PatchCollision_AreaSwap_DestroyPhysicsInstances,Production,Suspicious,OVERRUN,2025-04-07,,"No bounds checking on shapeIdx in get idx nor here, devs put in assert shows concern",OVERRUN,119,Absent,Various,ATVI-CoD-trunk,221
22709,Out-of-bounds access,High,03/29/24,Critical,Other,/code/src/physics/Private/Core/PhysicsRT_Ref.cpp,PhysicsRT_IsClientEntitylessScriptable,Production,Suspicious,"OVERRUN,physicsCode",2025-04-09,,no bounds checking,OVERRUN,119,Absent,Various,ATVI-CoD-trunk,537
22665,Out-of-bounds access,High,03/29/24,Critical,Other,/code/src/dw/dwLobbyEventHandler.h,onConsoleBanned,Production,Suspicious,errorChecking,,,No errorChecking,OVERRUN,119,Absent,Various,ATVI-CoD-trunk,Various
22641,Out-of-bounds read,High,03/29/24,Critical,Other,/code/src/gfx/r_scene.cpp,R_ProcessDynamicLightBSP_r,Production,Suspicious,"OVERRUN,graphicsCode",2025-04-09,,"No bounds checking on index, ",OVERRUN,125,Absent,Various,ATVI-CoD-trunk,Various
22543,Out-of-bounds read,High,03/29/24,Critical,Other,/code/src/gfx/r_scene.cpp,R_DynLightBSPNode_ComputeBounds,Production,Suspicious,"OVERRUN,graphicsCode",2025-04-09,,"No bounds checking on index, devs put in assert shows concern
",OVERRUN,125,Absent,Various,ATVI-CoD-trunk,12039
22455,Out-of-bounds access,High,03/29/24,Critical,Other,/code/src/lui/LUI_CustomElement_Anchored.cpp,LUIElement_Anchored_GetWorldPosition,Production,Suspicious,OVERRUN,2025-04-09,,"No bounds checking on index, devs put in assert in GetEntity( shows concern
",OVERRUN,119,Absent,Various,ATVI-CoD-trunk,572
22395,Out-of-bounds access,High,03/29/24,Critical,Other,/code/src/qcommon/net_thread.cpp,ProcessRequest,Production,Suspicious,OVERRUN,2025-04-09,,"No bounds checking on index, devs put in assert shows concern",OVERRUN,119,Absent,Various,ATVI-CoD-trunk,Various
22357,Out-of-bounds access,High,03/29/24,Critical,Other,/code/src/game_iw9/cgame/cg_weapons.cpp,CG_ReloadCheckpointGetBlendTime,Production,Suspicious,OVERRUN,2025-04-08,,"No bounds checking on index, devs put in assert shows concern
2025-04-08",OVERRUN,119,Absent,Various,ATVI-CoD-trunk,5457
22183,Untrusted value as argument,Medium,03/29/24,Critical,Other,/code/src/server_mp/sv_snapshot_mp.cpp,SV_SnapshotMP_ResolveWeaponMap,Production,Suspicious,downcasting,,,,TAINTED_SCALAR,20,Absent,Various,ATVI-CoD-trunk,4811
22177,Out-of-bounds access,High,03/29/24,Critical,Other,/code/src/game_iw9/game_sp/g_turret_sp.cpp,G_TurretSP_SaveGame_Read,Production,Suspicious,OVERRUN,2025-03-21,,Overrunning buffer pointed to by &g_badplaces[i] of 704 bytes by passing it to a function which accesses it at byte offset 17431,OVERRUN,119,Absent,Various,ATVI-CoD-trunk,76
22167,Out-of-bounds access,High,03/29/24,Critical,Other,/code/src/stream/stream_defrag.cpp,ResolveNewAddr,Production,Suspicious,OVERRUN,2025-04-08,,"No bounds checking on index, devs put in assert shows concern",OVERRUN,119,Absent,Various,ATVI-CoD-trunk,Various
22145,Out-of-bounds write,High,03/29/24,Critical,Other,/code/src/online/online_dcqos.cpp,Online_DcQos_SetResultState,Production,Suspicious,OVERRUN,2025-04-09,,"No bounds checking on index, devs put in assert shows concern
",OVERRUN,119,Absent,Various,ATVI-CoD-trunk,431
22143,Out-of-bounds write,High,03/29/24,Critical,Other,/code/src/game_shared/bgame/common_item/bg_common_item.cpp,BG_CommonItem_GenerateFullWeaponStrings,Production,Suspicious,OVERRUN,2025-04-09,,"No bounds checking on index,  ",OVERRUN,119,Absent,Various,ATVI-CoD-trunk,1107
22081,Out-of-bounds access,High,03/29/24,Critical,Other,/code/src/online/player_socialdata/player_socialdata_system.inl,DetachComponentInternal,Production,Suspicious,OVERRUN,2025-03-28,,HandleValueToComponentIndex could set index to up to 511 and there is no bounds checking.,OVERRUN,119,Absent,Various,ATVI-CoD-trunk,Various
21953,Out-of-bounds access,High,03/29/24,Critical,Other,/code/src/game_shared/bgame/vehicles/bg_vehicle_physics_manager.inl,GetElementIdByType,Production,Suspicious,"OVERRUN,graphicsCode",2025-04-09,,"No bounds checking on index,",OVERRUN,119,Absent,Various,ATVI-CoD-trunk,Various
21764,Out-of-bounds access,High,03/29/24,Critical,Other,/code/src/online/player_socialdata/player_socialdata_system.inl,GetComponentCacheStatus,Production,Suspicious,OVERRUN,2025-04-07,,HandleValueToComponentIndex could set index to up to 1023 and there is no bounds checking.,OVERRUN,119,Absent,Various,ATVI-CoD-trunk,Various
21670,Out-of-bounds access,High,03/29/24,Critical,Other,/code/src/physics/Private/Core/PhysicsRT_Vehicle.cpp,PhysicsRT_Vehicle_BuoyancyCast,Production,Suspicious,"OVERRUN,physicsCode",2025-04-08,,"No bounds checking on index, devs put in assert in  WaterDynamics_Simulation_GetWaveScalar shows concern",OVERRUN,119,Absent,Various,ATVI-CoD-trunk,Various
21656,Out-of-bounds read,High,03/29/24,Critical,Other,/code/src/PatchCollision/PatchCollision_AreaSwap.cpp,PatchCollision_AreaSwap_GetShapeForLoad,Production,Suspicious,OVERRUN,2025-04-07,,"No bounds checking on shapeIdx in get idx nor here, devs put in assert shows concern",OVERRUN,125,Absent,Various,ATVI-CoD-trunk,440
21563,Out-of-bounds access,High,03/29/24,Critical,Other,/code/src/online/player_socialdata/player_socialdata_system_presence.cpp,GetComponentCacheStatus,Production,Suspicious,OVERRUN,2025-03-28,,HandleValueToComponentIndex could set index to up to 1023 and there is no bounds checking.,OVERRUN,119,Absent,Various,ATVI-CoD-trunk,Various
21524,Illegal address computation,High,03/29/24,Critical,Other,/code/src/game_iw9/game/ai/ai_behavior_sequencer.cpp,ProcessTokenTransfersForTransitionRecursive,Production,Suspicious,OVERRUN,2025-04-11,,"In the Top() method, we check that the index is valid via an assert but we do not appear to have logic to prevent an unintended index of the buffer once asserts are compiled out. The potentially invalid returned value is used to index into a couple other arrays of transition objects.",OVERRUN,119,Absent,Various,ATVI-CoD-trunk,3545
21162,Out-of-bounds access,High,02/13/24,Critical,Other,/code/src/dw/dwLobbyEventHandler.h,onPlayerBanned,Production,Suspicious,errorChecking,,,no errorChecking,OVERRUN,119,Absent,Various,ATVI-CoD-trunk,Various
21106,Out-of-bounds read,High,02/13/24,Critical,Other,/code/src/universal/memfile.cpp,MemFile_WriteDataInternal,Production,Suspicious,OVERRUN,2025-04-11,,"Possible issue when sourceLen is less than TEMP_SAVE_BUFFER_SIZE, s_memFileZStream.avail_in is equal to TEMP_SAVE_BUFFER_SIZE and subtracted from sourceLen during the memcpy.",OVERRUN,125,Absent,Various,ATVI-CoD-trunk,854
21051,Untrusted value as argument,Medium,02/13/24,Critical,Other,/code/src/game_iw9/game_mp/g_player_events_mp.cpp,GameSwitchOffhandEvent,Production,Suspicious,downcasting,,,,TAINTED_SCALAR,20,Absent,Various,ATVI-CoD-trunk,1417
21030,Out-of-bounds access,High,02/13/24,Critical,Other,/code/src/game_shared/bgame/vehicles/bg_vehicle_physics_manager.inl,GetElementById,Production,Suspicious,"OVERRUN,graphicsCode",2025-03-27,,The id would have to be >128.  There is nothing preventing that and devs added a assert( elmId.IsValid() ); so that shows there is some concern.,OVERRUN,119,Absent,Various,ATVI-CoD-trunk,Various
21024,Out-of-bounds write,High,02/13/24,Critical,Other,/code/src/vfx/Particles/ParticleManager.h,Allocate,Production,Suspicious,"OVERRUN,graphicsCode",2024-11-05,,"if no bits are clear, firstBitClear will return 512 so using that as an index will be off by 1.",OVERRUN,119,Absent,Various,ATVI-CoD-trunk,351
20851,Out-of-bounds access,High,02/13/24,Critical,Other,/code/src/game_iw9/cgame/cg_hang.cpp,CG_Hang_HandleEvent,Production,Suspicious,OVERRUN,2025-04-07,,"No bounds checking on index, devs put in assert shows concern",OVERRUN,119,Absent,Various,ATVI-CoD-trunk,2141
20836,Out-of-bounds read,High,02/13/24,Critical,Other,/code/src/xanim/xanim_trace.cpp,XAnimTrace_TryGetDeferredRaycastResult,Production,Suspicious,"OVERRUN,graphicsCode",2025-03-27,,max value XAnimDeferredTraceID_GetIndex() can return is  8191 (based on INDEX_MASK) and there is no bounds checking.,OVERRUN,125,Absent,Various,ATVI-CoD-trunk,364
20833,Out-of-bounds write,High,02/13/24,Critical,Other,/code/src/qcommon/com_fastfile_zonelist.h,AddFrom,Production,Suspicious,OVERRUN,2025-04-09,,"No bounds checking on index, devs put in assert shows concern
",OVERRUN,119,Absent,Various,ATVI-CoD-trunk,80
20815,Out-of-bounds access,High,02/13/24,Critical,Other,/code/src/game_shared/bgame/vehicles/bg_vehicle_physics_manager.inl,GetElementById,Production,Suspicious,"OVERRUN,graphicsCode",2025-03-27,,The id would have to be >128.  There is nothing preventing that and devs added a assert( elmId.IsValid() ); so that shows there is some concern.,OVERRUN,119,Absent,Various,ATVI-CoD-trunk,Various
20802,Out-of-bounds read,High,02/13/24,Critical,Other,/code/src/game_iw9/game/ai/bots/ai_bot.cpp,Bot_DifficultyFromString,Production,Suspicious,coding_error,2025-04-15,,likely a coding error.   index < ARRAY_COUNT( BOT_STR_TBL_DIFFICULTY )  should be first to short circuit the checks.,OVERRUN,125,Absent,Various,ATVI-CoD-trunk,4567
20613,Out-of-bounds access,High,02/13/24,Critical,Other,/code/src/dw/dwLobbyEventHandler.h,onNotWhiteListed,Production,Suspicious,errorChecking,,,There is no error handling.,OVERRUN,119,Absent,Various,ATVI-CoD-trunk,Various
20212,Out-of-bounds access,High,02/13/24,Critical,Other,/code/src/WaterDynamics/WaterDynamics_PhysicsBehavior.cpp,CalcSDFPoints,Production,Suspicious,"OVERRUN,physicsCode",2025-04-09,,hknpLevelOfDetail::INVALID is used as an index in getShapeAtLod,OVERRUN,119,Absent,Various,ATVI-CoD-trunk,1809
20102,Out-of-bounds write,High,02/13/24,Critical,Other,/code/src/online/online_archive_replay_playback.cpp,Read,Production,Suspicious,OVERRUN,2025-04-09,,MSG_ReadByte can return -1 and there is no bounds checking.,OVERRUN,119,Absent,Various,ATVI-CoD-trunk,624
19775,Out-of-bounds read,High,02/13/24,Critical,Other,/code/src/game_shared/bgame/vehicles/bg_vehicle_physics_helicopter.cpp,GetBladeDeflectionForRotorIndex,Production,Suspicious,"OVERRUN,physicsCode",2025-04-09,,"No bounds checking on index, ",OVERRUN,125,Absent,Various,ATVI-CoD-trunk,Various
19771,Copy into fixed size buffer,Low,02/13/24,Critical,Other,/code/src/qcommon/com_storage.cpp,Com_DDL_ReadOnlyFromText,Production,Suspicious,other,,,,STRING_OVERFLOW,120,Absent,Various,ATVI-CoD-trunk,3335
19751,Out-of-bounds read,High,02/13/24,Critical,Other,/code/src/game_iw9/bgame/bg_animstate.cpp,BG_AnimationState_GetAnimsetByIndex,Production,Suspicious,"OVERRUN,graphicsCode",2025-04-09,,"No bounds checking on index, devs put in assert shows concern
",OVERRUN,125,Absent,Various,ATVI-CoD-trunk,150
19748,Out-of-bounds read,High,02/13/24,Critical,Other,/code/src/online/online_archive_replay_playback.cpp,Read,Production,Suspicious,OVERRUN,2024-10-30,false,MSG_ReadByte may return -1 causing this overflow problem,OVERRUN,125,Absent,Various,ATVI-CoD-trunk,623
19644,Out-of-bounds read,High,02/13/24,Critical,Other,/code/src/dw/dwEnvironment.cpp,dwGetEnvironmentName,Production,Suspicious,OVERRUN,2025-04-14,,s_environmentNames has a max of 3 elements where dwGetEnvironment can return up to 4. It does not appear to be bounds checked.,OVERRUN,125,Absent,Various,ATVI-CoD-trunk,823
19586,Out-of-bounds access,High,02/13/24,Critical,Other,/code/src/snd/sd_output_libad.cpp,SD_AD_SpawnThread,Production,Suspicious,OVERRUN,2025-04-08,,"No bounds checking on index, devs put in assert shows concern
2025-04-08",OVERRUN,119,Absent,Various,ATVI-CoD-trunk,1706
19464,Out-of-bounds access,High,02/13/24,Critical,Other,/code/src/xanim/proceduralbones/proceduralbones_allocator.cpp,XAnimProceduralBonesAllocator_DestroyHandle,Production,Suspicious,"OVERRUN,graphicsCode",2024-12-12,,There are no checks to ensure Index returns a valid value,OVERRUN,119,Absent,Various,ATVI-CoD-trunk,Various
19457,String not null terminated,High,02/13/24,Critical,Other,/code/src/online/live_common.cpp,Live_CheckIfShouldStartAutoLogin,Production,Suspicious,other,,,"In online\live_crosslaunch.cpp, auto_login is set to eachToken which is from a string of max size CROSSLAUNCH_COMMANDLINE_MAX = 2046.
Other places it is set on sizes CROSSLAUNCH_COMMANDLINE_MAX = 2046,  COMMAND_LINE_BUFFER_SIZE = 32 * 1024, or COMMAND_LINE_BUFFER_SIZE = 4096: all of which could cause a problem here.
",STRING_NULL,170,Absent,Various,ATVI-CoD-trunk,Various
19389,Out-of-bounds write,High,02/13/24,Critical,Other,/code/common/libs/MathCore/MathCore/math_ops.cpp,MatrixInverse44Safe,Production,Suspicious,OVERRUN,,,,OVERRUN,119,Absent,Various,ATVI-CoD-trunk,7766
19309,Out-of-bounds read,High,02/13/24,Critical,Other,/code/common/libs/GlassCore/GlassCore/glass_crack_shard.cpp,Glass_AreaX2AndScaledCentroidForEdgeLoop,Production,Suspicious,OVERRUN,,,"This willl be a problem if *edgeLoop has only two items.  Glass_ExtractCracksAndHolesFromLoop is where the *edgeLoop is created.  The code is difficult to trace, but there is an assert that there are more than 2 and some conditional checks for 2.  This indicates dev is concerned that is possible and so I am marking this as suspicious.",OVERRUN,125,Absent,Various,ATVI-CoD-trunk,Various
19188,Incorrect sizeof expression,Medium,02/13/24,Critical,Other,/code/src/WaterDynamics/WaterDynamics.cpp,WaterDynamics_LoadInstances,Production,Suspicious,other,,,"originally marked this as not exploitable because it isn't, but it's a coding error that may cause errors and we've taken to use suspicious for these.",BAD_SIZEOF,467,Absent,Various,ATVI-CoD-trunk,526
19167,Out-of-bounds read,High,02/13/24,Critical,Other,/code/src/database/db_binarypatch_load.cpp,DB_BinaryPatch_BeginLoad,Production,Suspicious,OVERRUN,2025-04-09,,"if openData.diffCount can be >2, then this could happen.  Could not trace code to verify if that is possible.",OVERRUN,125,Absent,Various,ATVI-CoD-trunk,579
19036,Out-of-bounds access,High,02/13/24,Critical,Other,/code/src/game_iw9/game/g_combat.cpp,G_Combat_RadiusEffectsEnt,Production,Suspicious,"OVERRUN,obo",2025-04-09,,"No bounds checking on index, devs put in assert in Com_Teams_TeamStringFromEnumSP shows concern",OVERRUN,119,Absent,Various,ATVI-CoD-trunk,Various
19026,Out-of-bounds read,High,02/13/24,Critical,Other,/code/src/qcommon/com_fastfile_zonelist.h,Add,Production,Suspicious,OVERRUN,2025-04-09,,"No bounds checking on index, devs put in assert shows concern
",OVERRUN,125,Absent,Various,ATVI-CoD-trunk,164
18878,Out-of-bounds read,High,02/13/24,Critical,Other,/code/src/client_mp/partyhost.cpp,PartyHost_AssignSquad,Production,Suspicious,"OVERRUN,obo",2025-04-09,,No bounds checking on index,OVERRUN,125,Absent,Various,ATVI-CoD-trunk,Various
18411,String not null terminated,High,02/13/24,Critical,Other,/code/src/online/online_friends_crossplay.cpp,CheckMessageProfanityComplete,Production,Suspicious,other,,,"if  s_pendingRequests[client].message is full and not null terminated, then this will be a problem.",STRING_NULL,170,Absent,Various,ATVI-CoD-trunk,1845
18162,Out-of-bounds access,High,02/13/24,Critical,Other,/code/src/game_iw9/cgame/cg_frontend_scene.cpp,CG_FrontEndScene_UpdateRequiredTransients,Production,Suspicious,OVERRUN,2025-04-14,,"No bounds checking on index, devs put in assert shows concern
",OVERRUN,119,Absent,Various,ATVI-CoD-trunk,Various
17900,Out-of-bounds access,High,02/13/24,Critical,Other,/code/src/gfx/r_water.cpp,R_Water_Tile_SubmitMeshPatches,Production,Suspicious,"OVERRUN,graphicsCode",2025-04-09,,"No bounds checking on index,",OVERRUN,119,Absent,Various,ATVI-CoD-trunk,8106
17856,Buffer not null terminated,High,02/13/24,Critical,Other,/code/src/game_iw9/bgame/bg_matchrules_history.cpp,BG_MatchRulesHistory_WriteRecipeAsync,Production,Suspicious,other,,false,,BUFFER_SIZE,170,Absent,Quality,ATVI-CoD-trunk,1440
17768,Illegal address computation,High,02/13/24,Critical,Other,/code/src/qcommon/net_endpoint.cpp,GetChannelSlot,Production,Suspicious,index_overrun,2025-04-15,,"No bounds checking on index, devs put in assert in getlocalId shows concern
",OVERRUN,119,Absent,Various,ATVI-CoD-trunk,615
17615,Out-of-bounds read,High,02/13/24,Critical,Other,/code/src/gfx/r_amd.cpp,R_AMD_CreateDevice,Production,Suspicious,"OVERRUN,graphicsCode",2025-04-09,,no bounds checks,OVERRUN,125,Absent,Various,ATVI-CoD-trunk,Various
17518,Untrusted loop bound,Medium,02/13/24,Critical,Other,/code/src/win32/win_main.cpp,Sys_InitPhysicalDiskSectorSize,Production,Suspicious,downcasting,,,,TAINTED_SCALAR,606,Absent,Various,ATVI-CoD-trunk,467
17430,Out-of-bounds access,High,02/13/24,Critical,Other,/code/src/mapVoxelizedState/MapVoxelizedState.cpp,MapVoxelizedState_ReadChanges,Production,Suspicious,OVERRUN,2025-04-08,,"No bounds checking on index
2025-04-08",OVERRUN,119,Absent,Various,ATVI-CoD-trunk,823
17172,Out-of-bounds access,High,02/13/24,Critical,Other,/code/src/ecs_common/ecs_client_centity.cpp,GetLocalPlayer,Production,Suspicious,OVERRUN,2025-04-09,,"No bounds checking on index, devs put in assert in GetClientNumFromWorldId shows concern",OVERRUN,119,Absent,Various,ATVI-CoD-trunk,134
16915,Out-of-bounds read,High,02/13/24,Critical,Other,/code/src/game_iw9/game/ai/ai_scripted_coordinator.cpp,RecordAdvanceOnEnemy,Production,Suspicious,getindex,2025-04-14,,"No bounds checking on index, devs put in assert shows concern
",OVERRUN,125,Absent,Various,ATVI-CoD-trunk,3236
16908,Out-of-bounds read,High,02/13/24,Critical,Other,/code/src/gfx/r_dpvs.cpp,R_AdditionalCullingObjectWeather,Production,Suspicious,"OVERRUN,graphicsCode",2025-04-15,,"If usedObjectsCount  is never incremented, it will go to -1",OVERRUN,125,Absent,Various,ATVI-CoD-trunk,1031
16881,Out-of-bounds read,High,02/13/24,Critical,Other,/code/src/snd/sd_output_libad.cpp,SD_AD_ThreadFunc,Production,Suspicious,OVERRUN,2025-04-09,,"No bounds checking on index, devs put in assert shows concern
",OVERRUN,125,Absent,Various,ATVI-CoD-trunk,1674
16811,Out-of-bounds write,High,02/13/24,Critical,Other,/code/src/game_shared/bgame/vehicles/bg_vehicle_elm_collection.inl,AddElement,Production,Suspicious,OVERRUN,2024-12-12,,"There is no check to ensure the index is in bounds, yet there are sanity checks indicating there is thought it could be out of bounds.",OVERRUN,119,Absent,Various,ATVI-CoD-trunk,25
16769,Out-of-bounds access,High,02/13/24,Critical,Other,/code/src/xanim/proceduralbones/proceduralbones_allocator.cpp,XAnimProceduralBonesAllocator_GetInstance,Production,Suspicious,"OVERRUN,graphicsCode",2025-03-22,,max value index() can return is  8191 (based on INDEX_MASK) and there is no bounds checking.,OVERRUN,119,Absent,Various,ATVI-CoD-trunk,715
16765,Out-of-bounds write,High,02/13/24,Critical,Other,/code/src/game_shared/cgame/vehicles/cg_vehicle_treads.cpp,TreadBoneAnimCreate,Production,Suspicious,OVERRUN,2025-04-15,,"No bounds checking on index, devs put in assert shows concern
",OVERRUN,119,Absent,Various,ATVI-CoD-trunk,228
16452,Out-of-bounds read,High,02/13/24,Critical,Other,/code/src/snd/sd_output_libad.cpp,SD_AD_ThreadFunc,Production,Suspicious,OVERRUN,2025-04-09,,"No bounds checking on index, devs put in assert shows concern
",OVERRUN,125,Absent,Various,ATVI-CoD-trunk,1675
16182,Out-of-bounds read,High,02/13/24,Critical,Other,/code/src/gfx/r_init.cpp,R_SystemsShutdown,Production,Suspicious,"OVERRUN,graphicsCode",2025-04-14,,"In the for loop, windowCount could be larger than 1. Where the max size of the windows array is 1 (R_MAX_WINDOWS). Additionally, window is not checked for being null before indexing windowIndex.",OVERRUN,125,Absent,Various,ATVI-CoD-trunk,1750
16160,Out-of-bounds access,High,02/13/24,Critical,Other,/code/src/game_shared/bgame/vehicles/bg_vehicle_physics_manager.inl,GetElementById,Production,Suspicious,"OVERRUN,physicsCode",2025-03-27,,The id would have to be >128.  There is nothing preventing that and devs added a assert( elmId.IsValid() ); so that shows there is some concern.,OVERRUN,119,Absent,Various,ATVI-CoD-trunk,Various
16046,Out-of-bounds access,High,02/13/24,Critical,Other,/code/src/client/cl_ui_streaming.cpp,CL_UIStreaming_UpdateClientRequestCount,Production,Suspicious,OVERRUN,2025-04-14,,"No bounds checking on index, devs put in assert shows concern",OVERRUN,119,Absent,Various,ATVI-CoD-trunk,2000
15837,Out-of-bounds write,High,02/13/24,Critical,Other,/code/src/memory/mem_paged.cpp,Mem_Paged_AddPageUnmapToBatchContext,Production,Suspicious,OVERRUN,2025-04-14,,"No bounds checking on index, devs put in assert shows concern
",OVERRUN,119,Absent,Various,ATVI-CoD-trunk,4174
15812,Out-of-bounds access,High,02/13/24,Critical,Other,/code/src/snd/sd_output_libad.cpp,SD_AD_TerminateThread,Production,Suspicious,OVERRUN,2025-04-08,,"No bounds checking on index
",OVERRUN,119,Absent,Various,ATVI-CoD-trunk,1717
15626,Untrusted value as argument,Medium,02/13/24,Critical,Other,/code/src/game_iw9/game_mp/g_player_events_mp.cpp,GameSwitchOffhandPullbackEvent,Production,Suspicious,downcasting,,,,TAINTED_SCALAR,20,Absent,Various,ATVI-CoD-trunk,1428
15518,Out-of-bounds access,High,02/13/24,Critical,Other,/code/common/libs/SuperTerrainCore/SuperTerrainCore/SuperTerrainDefines.h,R_ST_IterateLayerMask,Production,Suspicious,OVERRUN,2025-04-08,,"No bounds checking on index, may return 256 if no free bits",OVERRUN,119,Absent,Various,ATVI-CoD-trunk,221
15496,Out-of-bounds read,High,02/13/24,Critical,Other,/code/src/stream/stream_defrag.cpp,Command_MaxPageCount,Production,Suspicious,OVERRUN,2025-04-09,,"No bounds checking on index, devs put in assert shows concern
",OVERRUN,125,Absent,Various,ATVI-CoD-trunk,978
15143,Out-of-bounds read,High,02/13/24,Critical,Other,/code/src/database/db_binarypatch_load.cpp,DB_BinaryPatch_BeginLoad,Production,Suspicious,OVERRUN,2025-04-09,,"if openData.diffCount can be >2, then this could happen.  Could not trace code to verify if that is possible.",OVERRUN,125,Absent,Various,ATVI-CoD-trunk,577
15131,Out-of-bounds access,High,02/13/24,Critical,Other,/code/src/xanim/proceduralbones/proceduralbones_allocator.cpp,XAnimProceduralBonesAllocator_AllocateInstance,Production,Suspicious,"OVERRUN,graphicsCode",2024-12-12,,There are no checks to ensure Index returns a valid value,OVERRUN,119,Absent,Various,ATVI-CoD-trunk,Various
15101,Out-of-bounds write,High,02/13/24,Critical,Other,/code/src/game_shared/bgame/vehicles/bg_vehicle_elm_collection.inl,AddElement,Production,Suspicious,OVERRUN,2024-12-12,,"There is no check to ensure the index is in bounds, yet there are sanity checks indicating there is thought it could be out of bounds.",OVERRUN,119,Absent,Various,ATVI-CoD-trunk,25
15071,Copy into fixed size buffer,Low,02/13/24,Critical,Other,/code/src/los_precompute/los_precompute_system.cpp,LoadDynamicPathNodeDeclarationFile,Production,Suspicious,other,,,,STRING_OVERFLOW,120,Absent,Various,ATVI-CoD-trunk,169
15037,Out-of-bounds access,High,02/13/24,Critical,Other,/code/src/online/online_friends_crossplay.cpp,AddFriendCallback,Production,Suspicious,OVERRUN,,,,OVERRUN,119,Absent,Various,ATVI-CoD-trunk,954
14957,Out-of-bounds read,High,02/13/24,Critical,Other,/code/src/game_iw9/game/g_objectives.cpp,G_Objectives_GetObjectiveIndexFromPSIndex,Production,Suspicious,"OVERRUN,obo",2025-04-09,,No bounds checking on index,OVERRUN,125,Absent,Various,ATVI-CoD-trunk,841
14739,Incorrect sizeof expression,Medium,02/13/24,Critical,Other,/code/src/WaterDynamics/WaterDynamics.cpp,WaterDynamics_WriteInstances,Production,Suspicious,other,,,"originally marked this as not exploitable because it isn't, but it's a coding error that may cause errors and we've taken to use suspicious for these.",BAD_SIZEOF,467,Absent,Various,ATVI-CoD-trunk,498
14712,Out-of-bounds read,High,02/13/24,Critical,Other,/code/src/game_iw9/cgame_mp/cg_snapshot_mp.cpp,CG_SnapshotMP_UpdateScore,Production,Suspicious,OVERRUN,,false,,OVERRUN,125,Absent,Various,ATVI-CoD-trunk,4979
