issue_id,original_cid,first_detected,severity,component,function,impact,abk_classification
1,,09/08/25,Critical,Other,DrawSetup_Volumetric,High,Suspicious
2,,09/03/25,Critical,Other,BG_PlayerASM_AreAnimationsLoadedForCondition,High,Suspicious
3,,09/03/25,Critical,Other,BG_PlayerASM_AreAnimationsLoadedForCondition,High,Suspicious
4,,08/25/25,Critical,Other,RewindForAsset,High,Suspicious
5,,08/19/25,Critical,Other,Engine_ResetKey,High,Suspicious
6,,08/13/25,Critical,Other,Free,High,Suspicious
7,,08/13/25,Critical,Other,BG_BuildSound_AliasId,High,Suspicious
8,,08/13/25,Critical,Other,PlayerSpawn_Frontline_UpdateData,High,Suspicious
9,,08/13/25,Critical,Other,GScr_MainMP_GetPlayerData,High,Suspicious
10,,08/13/25,Critical,Other,PlayerAnimset_GatherCollections,High,Suspicious
11,,08/13/25,Critical,Other,R_Universe_BeginAccessFrame,High,Suspicious
12,,08/13/25,Critical,Other,BG_BuildSound_AliasId,High,Suspicious
13,,08/13/25,Critical,Other,CG_CommonItem_GetHUDOutline,High,Suspicious
14,,08/13/25,Critical,Other,R_Water_Tile_SubmitBuckets,High,Suspicious
15,,08/13/25,Critical,Other,PlayerSpawn_Frontline_UpdateData,High,Suspicious
16,,08/13/25,Critical,Other,Bot_GetZonePathToGoal,High,Suspicious
17,,08/13/25,Critical,Other,Bot_UpdateName,High,Suspicious
18,,08/13/25,Critical,Other,PlayerSpawn_Selection_UpdateDistanceData,High,Suspicious
19,,08/13/25,Critical,Other,GScr_MainMP_SetPlayerData,High,Suspicious
20,,08/13/25,Critical,Other,LUI_Render_SendCommandMarkCurrentRTTAsDirty,High,Suspicious
21,,08/13/25,Critical,Other,PM_traceHandler,High,Suspicious
22,,08/13/25,Critical,Other,CG_LwCorpseManager_ConfirmReservations,High,Suspicious
23,,08/13/25,Critical,Other,PlayerAnimset_WeaponHasStreamedAnimations,High,Suspicious
24,,08/13/25,Critical,Other,PlayerAnimset_TouchWeapon,High,Suspicious
25,,08/13/25,Critical,Other,ImportSettings_RequestGenericCloudFiles,High,Suspicious
26,,06/18/25,Critical,Other,GetEventTypeByName,High,Suspicious
27,,06/18/25,Critical,Other,BG_Customization_SetRandomCustomization,High,Suspicious
28,,06/18/25,Critical,Other,CG_ServerCmdMP_ReadPlayerPersistentDataChanges_Direct_Access,High,Suspicious
29,,06/18/25,Critical,Other,GetCivEventName,High,Suspicious
30,,06/10/25,Critical,Other,AddLightGrid,High,Suspicious
31,,06/10/25,Critical,Other,AddLightGrid,High,Suspicious
32,,06/10/25,Critical,Other,XAnim_HitDet_GetTreeParametersInfo,High,Suspicious
33,,06/03/25,Critical,Other,StreamDeck_HandleRequest,Medium,Suspicious
34,,05/28/25,Critical,Other,MoveObjectToPosition,High,Suspicious
35,,05/28/25,Critical,Other,dwGetEnvironmentFlavorForTitleId,High,Suspicious
36,,05/28/25,Critical,Other,CL_PlayerData_UpdateDDLChecksum,High,Suspicious
37,,05/28/25,Critical,Other,dwRegisterEnvironmentDvars,High,Suspicious
38,,05/28/25,Critical,Other,RemoveObject,High,Suspicious
39,,05/28/25,Critical,Other,dwGetTitleIdsForFlavor,High,Suspicious
40,,05/28/25,Critical,Other,RemoveAllObjectsInCategory,High,Suspicious
41,,05/28/25,Critical,Other,LUI_CoD_PlayerData_TriggerCallbackOnPlayerDataWrite,High,Suspicious
42,,05/21/25,Critical,Other,R_TG_ReserveResourceMemory,High,Suspicious
43,,05/21/25,Critical,Other,AllocLightmap,High,Suspicious
44,,05/14/25,Critical,Other,AddLGVBlock,High,Suspicious
45,,05/14/25,Critical,Other,GetCreatorContext,High,Suspicious
46,,05/14/25,Critical,Other,Stream_CombineDistanceImageToParts_Regular,High,Suspicious
47,,05/14/25,Critical,Other,AllocLGVBlock,High,Suspicious
48,,05/14/25,Critical,Other,AddLGVBlock,High,Suspicious
49,,05/14/25,Critical,Other,AddLGVBlock,High,Suspicious
50,,05/07/25,Critical,Other,AddLightmaps,High,Suspicious
51,,04/29/25,Critical,Other,ReadWeaponsCustomizationFromProfile,High,Suspicious
52,,04/29/25,Critical,Other,BulletImpactEffects,High,Suspicious
53,,04/29/25,Critical,Other,AIScr_SetCivAutomaticStateTransitionSettings,High,Suspicious
54,,04/29/25,Critical,Other,Material_CreateComputePipelineState,High,Suspicious
55,,04/29/25,Critical,Other,BG_Execution_GetStreamCollectionForExecutionAnimType,High,Suspicious
56,,04/29/25,Critical,Other,CL_TransientsVisibility_FillVisibilityBitArray,High,Suspicious
57,,04/29/25,Critical,Other,AIScr_SetCivPropagationSettings,High,Suspicious
58,,04/29/25,Critical,Other,CL_TransientsVisibility_FillVisibilityHintBitArray,High,Suspicious
59,,04/29/25,Critical,Other,RegisterNotificationCallback,High,Suspicious
60,,04/29/25,Critical,Other,RegisterReadyCallback,High,Suspicious
61,,04/29/25,Critical,Other,CG_WorldStreaming_TouchClientStreamManualViews,High,Suspicious
62,,04/29/25,Critical,Other,SetLinked,High,Suspicious
63,,04/29/25,Critical,Other,GetHalfEdgeMesh,High,Suspicious
64,,04/29/25,Critical,Other,TriDiagQL,High,Suspicious
65,,04/29/25,Critical,Other,SetLinked,High,Suspicious
66,,04/29/25,Critical,Other,GetConflicts,High,Suspicious
67,,03/19/25,Critical,Other,Target_Alloc,High,Suspicious
68,,03/19/25,Critical,Other,BGScr_SetSavedDvar,High,Suspicious
69,,03/19/25,Critical,Other,GScr_Weapon_SetWeapon,High,Suspicious
70,,03/19/25,Critical,Other,GScr_MainMP_IsEnumValueValid,High,Suspicious
71,,03/19/25,Critical,Other,Scr_DoLoadEntity,High,Suspicious
72,,03/05/25,Critical,Other,AllocateAtlasZone,High,Suspicious
73,,03/05/25,Critical,Other,AllocTempCPUFence,High,Suspicious
74,,02/25/25,Critical,Other,DB_Zones_BeginZoneLoad,High,Suspicious
75,,02/25/25,Critical,Other,DB_Zones_BeginZoneLoad,High,Suspicious
76,,02/10/25,Critical,Other,PhysicsRT_GetEntityNum,High,Suspicious
77,,02/10/25,Critical,Other,R_TG_Barrier2_FlushElements,High,Suspicious
78,,01/29/25,Critical,Other,MapVoxelizedState_RingBufferReceive_ReadStaleSnapshot,High,Suspicious
79,,01/24/25,Critical,Other,G_CommonItem_DisableOverlappingCoverNodesForInstance,High,Suspicious
80,,01/24/25,Critical,Other,DynEntCL_Spatial_FindPartitionForDynEnt,High,Suspicious
81,,11/22/24,Critical,Other,BG_PlayerASM_IsTransitionQuadrant,High,Suspicious
82,,11/22/24,Critical,Other,DLog_LuaValue,High,Suspicious
83,,10/30/24,Critical,Other,BG_PlayerASM_IsTransitionInputClockwise,High,Suspicious
84,,10/30/24,Critical,Other,RecreateElementWithSubType,High,Suspicious
85,,10/21/24,Critical,Other,DynamicInteractionPartitioning_AddInteractionToGrid,High,Suspicious
86,,10/14/24,Critical,Other,FindPosOnPath,High,Suspicious
87,,10/14/24,Critical,Other,GetAnimMappingEntry,High,Suspicious
88,,10/02/24,Critical,Other,operator (),High,Suspicious
89,,09/27/24,Critical,Other,Trust_VerifyEmbeddedSignature,High,Suspicious
90,,09/27/24,Critical,Other,BG_CommonItem_CheckIfItemDefHasTag,High,Suspicious
91,,09/27/24,Critical,Other,Weather_GridDynamic_IsPrecipitating,High,Suspicious
92,,09/27/24,Critical,Other,Weather_GridDynamic_UpdateTiles,High,Suspicious
93,,09/16/24,Critical,Other,db_huft_build,High,Suspicious
94,,09/16/24,Critical,Other,db_huft_build,High,Suspicious
95,,09/11/24,Critical,Other,CG_Pose_DoBaseOriginController,High,Suspicious
96,,09/10/24,Critical,Other,GetHalfEdgeMesh,High,Suspicious
97,,09/10/24,Critical,Other,Weather_GridDynamic_Tile_Downscale,High,Suspicious
98,,09/10/24,Critical,Other,Weather_GridDynamic_Tile_Downscale,High,Suspicious
99,,08/23/24,Critical,Other,CG_Hang_PopulateIKTimings,High,Suspicious
100,,08/23/24,Critical,Other,DB_BinaryPatch_BeginManifestLoad,High,Suspicious
101,,08/23/24,Critical,Other,DB_BinaryPatch_BeginManifestLoad,High,Suspicious
102,,08/01/24,Critical,Other,G_Objectives_Update,High,Suspicious
103,,08/01/24,Critical,Other,G_PIP_Read,High,Suspicious
104,,08/01/24,Critical,Other,DB_Zones_SetZoneFlag,High,Suspicious
105,,08/01/24,Critical,Other,stbi__parse_huffman_block,High,Suspicious
106,,08/01/24,Critical,Other,stbi__parse_huffman_block,High,Suspicious
107,,08/01/24,Critical,Other,PatchCollision_AreaSwap_GetShapeForLoad,High,Suspicious
108,,08/01/24,Critical,Other,Com_PlayerData_CacheStatsGroupData,High,Suspicious
109,,08/01/24,Critical,Other,NetConstStrings_RegisterScriptDvars,High,Suspicious
110,,08/01/24,Critical,Other,DB_Zones_Init,High,Suspicious
111,,08/01/24,Critical,Other,SaveSP_Read,High,Suspicious
112,,08/01/24,Critical,Other,DB_Zones_UpdateZoneFlagLoadOrder,High,Suspicious
113,,08/01/24,Critical,Other,stbi__parse_huffman_block,High,Suspicious
114,,08/01/24,Critical,Other,DB_Zones_ResetZoneFlag,High,Suspicious
115,,08/01/24,Critical,Other,stbi__parse_huffman_block,High,Suspicious
116,,07/31/24,Critical,Other,Online_ArchiveReplayPlayback_Setup,High,Suspicious
117,,07/31/24,Critical,Other,R_UpdateCurrentAndDefaultAdapter,High,Suspicious
118,,07/31/24,Critical,Other,Engine_GetDownloadHistoryText,High,Suspicious
119,,07/31/24,Critical,Other,LiveStorage_IsStatsGroupObfuscated,High,Suspicious
120,,07/31/24,Critical,Other,LiveStorage_GetPlayerDataBufferSize,High,Suspicious
121,,07/31/24,Critical,Other,Com_PlayerData_GetStatsGroupSize,High,Suspicious
122,,07/31/24,Critical,Other,CG_ClientModel_DeferredCollisions_ExecuteVelocitiesSubRequestRun,High,Suspicious
123,,07/31/24,Critical,Other,GetUserProfileForUI,High,Suspicious
124,,07/31/24,Critical,Other,GetChannel,High,Suspicious
125,,07/31/24,Critical,Other,Com_PlayerData_GetStatsGroupOffset,High,Suspicious
126,,07/31/24,Critical,Other,BG_VehicleLeanOut_StartLerpViewAngles,High,Suspicious
127,,07/31/24,Critical,Other,DynEntCL_DeferredCollisions_ExecuteVelocitiesSubRequestRun,High,Suspicious
128,,07/31/24,Critical,Other,Engine_GetDownloadHistoryText,High,Suspicious
129,,07/31/24,Critical,Other,ReadCustomizationModelsForProfile,High,Suspicious
130,,07/31/24,Critical,Other,CL_PlayerData_SetStatsBlobDirty,High,Suspicious
131,,07/31/24,Critical,Other,RecvFrom,High,Suspicious
132,,07/31/24,Critical,Other,R_RegisterFont,High,Suspicious
133,,07/31/24,Critical,Other,LiveStorage_GetStatsGroupBuffer,High,Suspicious
134,,07/31/24,Critical,Other,Com_PlayerData_GetStatsGroupDataSize,High,Suspicious
135,,07/31/24,Critical,Other,CG_ServerCmdSP_LocalSoundPlay,High,Suspicious
136,,07/31/24,Critical,Other,Online_InstanceInventory_ReadGameModeSettings,Low,Suspicious
137,,07/31/24,Critical,Other,GetElementById,High,Suspicious
138,,03/29/24,Critical,Other,WaterDynamic_PhysicsBehaviour_IsInDelay,High,Suspicious
139,,03/29/24,Critical,Other,CG_Utils_ProcessNotetracksWorldRemap,High,Suspicious
140,,03/29/24,Critical,Other,Read,High,Suspicious
141,,03/29/24,Critical,Other,SV_SnapWorkersMP_BuildServerScriptablesCmd,Medium,Suspicious
142,,03/29/24,Critical,Other,DynEntCL_Spatial_MarkIfMissingCollisionTiles,High,Suspicious
143,,03/29/24,Critical,Other,BG_CommonItem_GenerateFullWeaponStrings,High,Suspicious
144,,03/29/24,Critical,Other,DDL_ParseExt,High,Suspicious
145,,03/29/24,Critical,Other,DDL_BeginParseSession,High,Suspicious
146,,03/29/24,Critical,Other,CG_ClientCharacter_CreateNoteModel,High,Suspicious
147,,03/29/24,Critical,Other,CL_ParseMP_ParsePacketEntities,High,Suspicious
148,,03/29/24,Critical,Other,CheckMessageProfanityComplete,Low,Suspicious
149,,03/29/24,Critical,Other,GetComponent,High,Suspicious
150,,03/29/24,Critical,Other,Init,Low,Suspicious
151,,03/29/24,Critical,Other,CG_Weapon_AddViewmodelHand,High,Suspicious
152,,03/29/24,Critical,Other,ResolveNewAddr,High,Suspicious
153,,03/29/24,Critical,Other,XAnimFrameStreaming_AddAnim,High,Suspicious
154,,03/29/24,Critical,Other,G_SaveSP_ReadBadPlaces,High,Suspicious
155,,03/29/24,Critical,Other,DObjGetBasePoseMatrix,High,Suspicious
156,,03/29/24,Critical,Other,PhysicsRT_Vehicle_BuoyancyCast,High,Suspicious
157,,03/29/24,Critical,Other,PatchCollision_AreaSwap_Update,High,Suspicious
158,,03/29/24,Critical,Other,ProcessScriptableCandidateHit,High,Suspicious
159,,03/29/24,Critical,Other,Info_CopyValues,High,Suspicious
160,,03/29/24,Critical,Other,SV_SnapshotMP_EmitClientMessageScriptables,Medium,Suspicious
161,,03/29/24,Critical,Other,G_SaveSP_ReadPathNodes,High,Suspicious
162,,03/29/24,Critical,Other,WaterDynamics_Physics_UnlockContextForWorld,High,Suspicious
163,,03/29/24,Critical,Other,ReadThreatBiasGroups,High,Suspicious
164,,03/29/24,Critical,Other,BG_PlayerASM_IsTransitionReverse,High,Suspicious
165,,03/29/24,Critical,Other,BG_Emote_GetStreamCollection,High,Suspicious
166,,03/29/24,Critical,Other,SetComponentCacheStatus,High,Suspicious
167,,03/29/24,Critical,Other,PhysicsDestroyEffector,High,Suspicious
168,,03/29/24,Critical,Other,WaterDynamics_Physics_LockContextForWorld,High,Suspicious
169,,03/29/24,Critical,Other,PhysicsDestroyComponent,High,Suspicious
170,,03/29/24,Critical,Other,SD_VoicePitchStereoEnv,High,Suspicious
171,,03/29/24,Critical,Other,PatchCollision_AreaSwap_DestroyPhysicsInstances,High,Suspicious
172,,03/29/24,Critical,Other,PhysicsRT_IsClientEntitylessScriptable,High,Suspicious
173,,03/29/24,Critical,Other,onConsoleBanned,High,Suspicious
174,,03/29/24,Critical,Other,R_ProcessDynamicLightBSP_r,High,Suspicious
175,,03/29/24,Critical,Other,R_DynLightBSPNode_ComputeBounds,High,Suspicious
176,,03/29/24,Critical,Other,LUIElement_Anchored_GetWorldPosition,High,Suspicious
177,,03/29/24,Critical,Other,ProcessRequest,High,Suspicious
178,,03/29/24,Critical,Other,CG_ReloadCheckpointGetBlendTime,High,Suspicious
179,,03/29/24,Critical,Other,SV_SnapshotMP_ResolveWeaponMap,Medium,Suspicious
180,,03/29/24,Critical,Other,G_TurretSP_SaveGame_Read,High,Suspicious
181,,03/29/24,Critical,Other,ResolveNewAddr,High,Suspicious
182,,03/29/24,Critical,Other,Online_DcQos_SetResultState,High,Suspicious
183,,03/29/24,Critical,Other,BG_CommonItem_GenerateFullWeaponStrings,High,Suspicious
184,,03/29/24,Critical,Other,DetachComponentInternal,High,Suspicious
185,,03/29/24,Critical,Other,GetElementIdByType,High,Suspicious
186,,03/29/24,Critical,Other,GetComponentCacheStatus,High,Suspicious
187,,03/29/24,Critical,Other,PhysicsRT_Vehicle_BuoyancyCast,High,Suspicious
188,,03/29/24,Critical,Other,PatchCollision_AreaSwap_GetShapeForLoad,High,Suspicious
189,,03/29/24,Critical,Other,GetComponentCacheStatus,High,Suspicious
190,,03/29/24,Critical,Other,ProcessTokenTransfersForTransitionRecursive,High,Suspicious
191,,02/13/24,Critical,Other,onPlayerBanned,High,Suspicious
192,,02/13/24,Critical,Other,MemFile_WriteDataInternal,High,Suspicious
193,,02/13/24,Critical,Other,GameSwitchOffhandEvent,Medium,Suspicious
194,,02/13/24,Critical,Other,GetElementById,High,Suspicious
195,,02/13/24,Critical,Other,Allocate,High,Suspicious
196,,02/13/24,Critical,Other,CG_Hang_HandleEvent,High,Suspicious
197,,02/13/24,Critical,Other,XAnimTrace_TryGetDeferredRaycastResult,High,Suspicious
198,,02/13/24,Critical,Other,AddFrom,High,Suspicious
199,,02/13/24,Critical,Other,GetElementById,High,Suspicious
200,,02/13/24,Critical,Other,Bot_DifficultyFromString,High,Suspicious
201,,02/13/24,Critical,Other,onNotWhiteListed,High,Suspicious
202,,02/13/24,Critical,Other,CalcSDFPoints,High,Suspicious
203,,02/13/24,Critical,Other,Read,High,Suspicious
204,,02/13/24,Critical,Other,GetBladeDeflectionForRotorIndex,High,Suspicious
205,,02/13/24,Critical,Other,Com_DDL_ReadOnlyFromText,Low,Suspicious
206,,02/13/24,Critical,Other,BG_AnimationState_GetAnimsetByIndex,High,Suspicious
207,,02/13/24,Critical,Other,Read,High,Suspicious
208,,02/13/24,Critical,Other,dwGetEnvironmentName,High,Suspicious
209,,02/13/24,Critical,Other,SD_AD_SpawnThread,High,Suspicious
210,,02/13/24,Critical,Other,XAnimProceduralBonesAllocator_DestroyHandle,High,Suspicious
211,,02/13/24,Critical,Other,Live_CheckIfShouldStartAutoLogin,High,Suspicious
212,,02/13/24,Critical,Other,MatrixInverse44Safe,High,Suspicious
213,,02/13/24,Critical,Other,Glass_AreaX2AndScaledCentroidForEdgeLoop,High,Suspicious
214,,02/13/24,Critical,Other,WaterDynamics_LoadInstances,Medium,Suspicious
215,,02/13/24,Critical,Other,DB_BinaryPatch_BeginLoad,High,Suspicious
216,,02/13/24,Critical,Other,G_Combat_RadiusEffectsEnt,High,Suspicious
217,,02/13/24,Critical,Other,Add,High,Suspicious
218,,02/13/24,Critical,Other,PartyHost_AssignSquad,High,Suspicious
219,,02/13/24,Critical,Other,CheckMessageProfanityComplete,High,Suspicious
220,,02/13/24,Critical,Other,CG_FrontEndScene_UpdateRequiredTransients,High,Suspicious
221,,02/13/24,Critical,Other,R_Water_Tile_SubmitMeshPatches,High,Suspicious
222,,02/13/24,Critical,Other,BG_MatchRulesHistory_WriteRecipeAsync,High,Suspicious
223,,02/13/24,Critical,Other,GetChannelSlot,High,Suspicious
224,,02/13/24,Critical,Other,R_AMD_CreateDevice,High,Suspicious
225,,02/13/24,Critical,Other,Sys_InitPhysicalDiskSectorSize,Medium,Suspicious
226,,02/13/24,Critical,Other,MapVoxelizedState_ReadChanges,High,Suspicious
227,,02/13/24,Critical,Other,GetLocalPlayer,High,Suspicious
228,,02/13/24,Critical,Other,RecordAdvanceOnEnemy,High,Suspicious
229,,02/13/24,Critical,Other,R_AdditionalCullingObjectWeather,High,Suspicious
230,,02/13/24,Critical,Other,SD_AD_ThreadFunc,High,Suspicious
231,,02/13/24,Critical,Other,AddElement,High,Suspicious
232,,02/13/24,Critical,Other,XAnimProceduralBonesAllocator_GetInstance,High,Suspicious
233,,02/13/24,Critical,Other,TreadBoneAnimCreate,High,Suspicious
234,,02/13/24,Critical,Other,SD_AD_ThreadFunc,High,Suspicious
235,,02/13/24,Critical,Other,R_SystemsShutdown,High,Suspicious
236,,02/13/24,Critical,Other,GetElementById,High,Suspicious
237,,02/13/24,Critical,Other,CL_UIStreaming_UpdateClientRequestCount,High,Suspicious
238,,02/13/24,Critical,Other,Mem_Paged_AddPageUnmapToBatchContext,High,Suspicious
239,,02/13/24,Critical,Other,SD_AD_TerminateThread,High,Suspicious
240,,02/13/24,Critical,Other,GameSwitchOffhandPullbackEvent,Medium,Suspicious
241,,02/13/24,Critical,Other,R_ST_IterateLayerMask,High,Suspicious
242,,02/13/24,Critical,Other,Command_MaxPageCount,High,Suspicious
243,,02/13/24,Critical,Other,DB_BinaryPatch_BeginLoad,High,Suspicious
244,,02/13/24,Critical,Other,XAnimProceduralBonesAllocator_AllocateInstance,High,Suspicious
245,,02/13/24,Critical,Other,AddElement,High,Suspicious
246,,02/13/24,Critical,Other,LoadDynamicPathNodeDeclarationFile,Low,Suspicious
247,,02/13/24,Critical,Other,AddFriendCallback,High,Suspicious
248,,02/13/24,Critical,Other,G_Objectives_GetObjectiveIndexFromPSIndex,High,Suspicious
249,,02/13/24,Critical,Other,WaterDynamics_WriteInstances,Medium,Suspicious
250,,02/13/24,Critical,Other,CG_SnapshotMP_UpdateScore,High,Suspicious
